manufacturer,model,base_frequency_hz,catalog_source,catalog_version,series,pump_od_in,stage_type,construction,rpm,stages_basis,ror_min_bpd,bep_bpd,ror_max_bpd,flow_min_bpd,flow_max_bpd,shutoff_head_ft_per_stage,bep_eff_pct,bep_bhp_hp_per_stage,shaft_limit_hp,housing_burst_psi,freq_min_hz,freq_max_hz,freq_step_hz,head_c0,head_c1,head_c2,head_c3,head_c4,head_c5,head_c6,head_c7,head_c8,head_c9,bhp_c0,bhp_c1,bhp_c2,bhp_c3,bhp_c4,bhp_c5,bhp_c6,bhp_c7,bhp_c8,bhp_c9,eff_c0,eff_c1,eff_c2,eff_c3,eff_c4,eff_c5,eff_c6,eff_c7,eff_c8,eff_c9,notes
Baker,E8000,60,ESPPump_Coefficients.csv user-supplied 2026-09-15,,,,,,,1,2200,8000,10500,0,13460,,,,,,30,80,10,76.9574584960938,-0.00188076705671847,-2.84389614080283E-07,3.93554216993053E-11,-4.30730610887268E-15,1.02909397836054E-19,,,,,,,,,,,,,,,,,,,,,,,,,Converted from combined string 'Baker E8000' - confirm manufacturer name; head curve only
Centrilift,R2500,60,ESPPump_Coefficients.csv user-supplied 2026-09-15,,,,,,,1,1900,2280,3216,0,3500,,,,,,30,80,10,55.7137788582101,-0.0129268151217755,2.59497540663193E-05,-1.81390921025721E-08,4.68161524135285E-12,-4.37675172151609E-16,,,,,,,,,,,,,,,,,,,,,,,,,Converted from combined string 'Centrilift R2500' - confirm manufacturer name; head curve only; non-monotone below ROR (plan Section 4.3)
REDA,S8000N,60,REDA ESP systems; digitized 2026-09-21,,,5.38,,,3500,,350,7992.2,10500,0,12457.4,64.5298,77.194,3.65724,463,6000,,,,64.5298283379,0.000434078512382861,-1.09346748945006e-06,2.58513547181538e-10,-2.67044291370118e-14,8.42033256932078e-19,,,,,1.81843440320604,0.000170519466379318,3.59830151111537e-08,-4.09350688359821e-12,6.33582548801419e-17,2.69924597695192e-22,,,,,-1.02573679180803,0.0277073315602739,-4.74081117150886e-06,5.21567887696401e-10,-2.91062385787511e-14,3.70764008378224e-19,,,,,"Housing burst: Buttress 6,000 psi (Standard/Welded N/A). | work folder SLB-001"
REDA,N1400A,60,REDA ESP systems; digitized 2026-09-21,,,10,,,3500,,35000,48905.8,64000,0,73713.4,257.8615,78.8,93.29498,1500,2300,,,,257.861479823151,0.000662653581657198,-1.26766590601526e-07,4.02439462731554e-12,-5.69332784319018e-17,2.57300880663604e-22,,,,,50.3593957065622,0.000809190703749142,-3.58745013348182e-09,2.16419641529908e-13,-2.35294220567236e-18,3.11202615019357e-25,,,,,-0.355029065080544,0.00397482329345005,-7.97949990011793e-08,1.0336794762122e-12,-8.92491020339317e-18,2.05864768996436e-23,,,,,"Housing burst: Standard 2,300 psi used (Buttress N/A). High-strength shaft 2,400 hp not used. | work folder SLB-008"
REDA,M675C,60,REDA ESP systems; digitized 2026-09-21,,,8.63,,,3500,,19000,21467.8,28000,0,34998.1,99.7577,72.276,19.02005,637,2400,,,,99.7576977330813,0.00122942485058134,-8.11348418718112e-08,-4.14769834239333e-13,1.41438097057628e-17,-1.57752610164062e-22,,,,,11.9173661676432,0.000152537887423589,1.50876447264588e-08,-2.73688766069413e-13,-2.65094153623488e-18,3.19095963860565e-23,,,,,-0.235380476853891,0.00637812811435502,-5.68805046694863e-08,-8.33198067651725e-12,2.74881924053033e-16,-3.10290771850111e-21,,,,,"Housing burst Buttress/Welded rating 2,400 psi (Standard 2,000 psi). High-strength shaft option 1,019 hp not used. Efficiency axis auto-OCR only matched one right-hand numeric column (0-70); power tick pixels reused from it since the sheet's Power(hp) and Efficiency(%) columns print identical 0-70 values on the same gridline rows (confirmed visually). | work folder SLB-011"
REDA,M675B,60,REDA ESP systems; digitized 2026-09-21,,,8.63,,,3500,,19000,22613.1,29000,0,34907.7,126.2373,73.658,23.57822,637,2400,,,,126.237286550361,0.000226235686947304,-4.10528046497532e-08,-6.84474429614168e-13,9.89165246342305e-18,-1.24180281822074e-22,,,,,14.0027536444981,4.89199319367423e-05,2.85340142942432e-08,-4.25000882227971e-13,-6.24895294530516e-18,7.21579593644842e-23,,,,,-0.139224253207246,0.00697693397411349,-1.02171304412299e-07,-8.40821080570766e-12,3.40682951938314e-16,-3.98845275850217e-21,,,,,"Housing burst Buttress/Welded rating 2,400 psi (Standard 2,000 psi). High-strength shaft option 1,019 hp not used. Power ticks reused from the efficiency OCR column (identical 0-70 scale, same gridline rows, confirmed visually). | work folder SLB-012"
REDA,M520C,60,REDA ESP systems; digitized 2026-09-21,,,8.63,,,3500,,12000,16019.1,22000,0,24964.6,100.0761,71.395,11.80026,637,2400,,,,100.076101548483,-0.000295567271629701,-6.66270588196956e-08,-2.21987005280717e-12,3.38813603406391e-17,3.98937797993517e-23,,,,,10.3169834172172,-8.81123709379748e-05,9.79845584528326e-09,6.22552436558033e-13,-3.05252818826319e-17,-1.59906481610859e-22,,,,,0.31541538279491,0.00664574973832137,2.37257502798268e-07,-4.3267314002993e-11,1.558544310621e-15,-1.99400472241652e-20,,,,,"Housing burst Buttress/Welded 2,400 psi (Standard 2,000 psi). High-strength shaft 1,019 hp not used. | work folder SLB-014"
REDA,M520B,60,REDA ESP systems; digitized 2026-09-21,,,8.63,,,3500,,12000,18209.4,23000,0,29944.9,125.0857,76.633,14.53974,637,2400,,,,125.085679167454,-0.00171441696460107,2.56802230512357e-08,-3.35051724407969e-12,1.71128411717299e-17,-7.49100554879364e-24,,,,,12.090186635247,-0.00016092866328973,2.68852664841207e-08,-3.79879627393316e-13,-1.01938631845723e-17,-6.00608078909964e-23,,,,,-0.793463825420062,0.0073579018949862,1.0548551376896e-07,-3.32269710595001e-11,1.3418182637265e-15,-1.92006775561219e-20,,,,,"Housing burst Buttress/Welded 2,400 psi (Standard 2,000 psi). High-strength shaft 1,019 hp not used. | work folder SLB-015"
REDA,JN16000,60,REDA ESP systems; digitized 2026-09-21,,,6.75,,,3500,,12800,15917.8,19500,0,23977,92.1825,71.534,10.64115,637,3060,,,,92.1825192424459,0.000457081424858558,-2.69363240755253e-07,1.63179992676692e-11,-5.72390962407783e-16,4.93607222517882e-21,,,,,7.00779896148418,0.00033806386337716,-5.63326777443014e-08,8.22456363962449e-12,-4.4764195311739e-16,7.9190908377421e-21,,,,,0.463986870624638,0.0088228607221208,7.03740778264647e-08,-6.13346804617636e-11,3.65816373202891e-15,-7.30781484951924e-20,,,,,"Housing burst Buttress/Welded 3,060 psi (Standard N/A). High-strength shaft 1,019 hp not used. | work folder SLB-021"
REDA,J7000N,60,REDA ESP systems; digitized 2026-09-21,,,6.75,,,3500,,4500,7114,9000,0,12489.6,110.2264,72.139,6.29807,637,,,,,110.22641080156,-0.000657194480398217,-2.71099677144553e-07,-3.02614886736565e-12,-1.15395957521712e-15,-8.50236912924342e-20,,,,,3.37474215365794,-0.000232740556068718,2.83619667570559e-07,-4.10158598903684e-11,2.18182984184186e-15,-3.27022449939196e-20,,,,,-1.79126557202969,0.0323118837854614,-6.3620242513579e-06,7.25596519319914e-10,-4.15247038310206e-14,6.12329014249678e-19,,,,,Housing burst pressure not clearly legible on sheet. | work folder SLB-024
REDA,H28000N,60,REDA ESP systems; digitized 2026-09-21,,,5.63,,,3500,,28000,28996,36000,0,37269.6,54.2556,68.192,15.01027,637,3000,,,,54.2555544768645,0.000258433575064379,-1.60507346119168e-07,1.17991564137644e-11,-2.8964404967526e-16,1.86408645511064e-21,,,,,5.36259240861614,0.000367647141636427,-1.26489647616573e-08,1.13345122416066e-12,-3.42570425549947e-17,3.02771904695411e-22,,,,,-0.146255864957276,0.00745986972434062,-4.48216257997028e-07,1.45568576872929e-11,-1.4531266464907e-16,-1.13588378980875e-21,,,,,"Housing burst: Standard 3,000 psi used (Buttress Not applicable, Welded 3,600 psi). High-strength shaft option 1,019 hp not used. Power ticks reused from the efficiency OCR column (identical 0-60 scale, same gridline rows, confirmed visually). | work folder SLB-025"
REDA,HN13500,60,REDA ESP systems; digitized 2026-09-21,,,5.38,,,3500,,5000,12804.1,18000,0,20813.5,65.2776,62.806,6.29736,375,3000,,,,65.2775788405447,0.002478255799258,-1.22085291357518e-06,1.36612025254268e-10,-6.79047273594423e-15,1.18420444899019e-19,,,,,3.97311550068607,0.000416410378943524,-6.97932059683588e-08,8.65578182299572e-12,-4.72886213860165e-16,8.64455387667502e-21,,,,,-0.771519445207794,0.0131132884886565,-1.09063960231571e-06,4.96663269027117e-11,-9.60138808721446e-16,-1.15446598729995e-20,,,,,"Housing burst: Standard 3,000 psi used (Buttress N/A, Welded 3,600 psi alt). High-strength shaft 600 hp not used. | work folder SLB-028"
REDA,GN10000,60,REDA ESP systems; digitized 2026-09-21,,,5.13,,,3500,,7000,9770.1,12000,0,16172.1,42.4355,70.098,3.05144,637,6000,,,,42.4355069728461,-0.00373411704920326,9.14730420899217e-07,-9.85686317228559e-11,3.51486849001615e-15,-4.05228706638934e-20,,,,,2.10225950670413,-1.28068309933535e-05,3.23061470354569e-08,-2.49760671947776e-12,3.77641180554958e-17,-2.72869867561966e-22,,,,,0.646078934753362,0.0133550720806154,-3.848443381265e-07,-7.15006166752587e-11,7.56356480270747e-15,-2.97992854564072e-19,,,,,"Housing burst Buttress/Welded 6,000 psi (Standard 5,000 psi). High-strength shaft 1,019 hp not used. | work folder SLB-029"
REDA,G6200N,60,REDA ESP systems; digitized 2026-09-21,,,5.13,,,3500,,4500,6697.5,8000,0,8982.1,51.8492,69.828,2.11693,375,6000,,,,51.8492212505646,0.00252242325570325,-4.2227052002159e-06,1.16476052318188e-09,-1.33429776918853e-13,5.20252176053955e-18,,,,,1.7213707597869,-0.000126082841721617,8.93716201761543e-08,-1.2408301491243e-11,4.95892839181084e-16,-2.88732350908346e-21,,,,,-2.06698874958173,0.0276227787637633,-4.62361765761192e-06,3.72789480559606e-10,8.7680785244527e-15,-2.6230007002968e-18,,,,,"Housing burst: Standard 5,000 psi, Buttress/Welded 6,000 psi (buttress used). High-strength shaft option 600 hp not used. | work folder SLB-030"
REDA,GN4000,60,REDA ESP systems; digitized 2026-09-21,,,5.13,,,3500,,3200,4070.1,4800,0,6452.6,53.505,67.961,1.47277,375,6000,,,,53.5050264386651,-0.00502214725983365,4.39416704642803e-07,7.31783290166165e-11,-5.90318313629545e-14,3.86411267931179e-18,,,,,1.18956154520416,-3.34234856249709e-06,8.11996670635457e-08,-2.52608158662026e-11,3.15823700609494e-15,-1.89650314007849e-19,,,,,-0.00984687275243346,0.0336461063086183,-4.72662183201983e-06,-1.26367222229696e-10,1.60532264183888e-13,-2.3462685711667e-17,,,,,"Housing burst Buttress/Welded 6,000 psi (Standard 5,000 psi). High-strength shaft 600 hp not used. | work folder SLB-032"
REDA,GN3200,60,REDA ESP systems; digitized 2026-09-21,,,5.13,,,3500,,2200,3454.2,4100,0,5122.7,57.0391,65.155,1.4596,256,6000,,,,57.0391318603537,-0.000237379807608108,-6.34636545027945e-06,2.92031927969427e-09,-5.21241611147163e-13,2.18382237473702e-17,,,,,1.07240463698973,9.54372814227014e-06,3.44767422231205e-08,2.30677753455906e-11,-1.02908014746398e-14,9.29686808145646e-19,,,,,-0.080908455843435,0.0399524003734098,-1.97722756182609e-06,-5.17447832012267e-09,1.90664079966259e-12,-2.18299444735892e-16,,,,,"Housing burst Buttress/Welded 6,000 psi (Standard 5,000 psi). High-strength shaft 410 hp not used. | work folder SLB-033"
REDA,GN2100,60,REDA ESP systems; digitized 2026-09-21,,,5.13,,,3500,,1650,2187.4,2700,0,3298.9,55.4089,63.283,1.06644,256,6000,,,,55.4088909999964,0.00242397401435771,-1.45435205789472e-05,1.28408327142692e-08,-4.91804566024482e-12,5.79826675584925e-16,,,,,0.745005823893839,-0.00010848164344614,3.0843078832382e-07,-9.27826380844803e-11,-2.57417284593911e-15,2.25604504119818e-18,,,,,-0.990464054564939,0.0667269230467049,-2.64699095615672e-05,5.53734592454996e-09,7.00323880019943e-14,-2.91372357677037e-16,,,,,"Housing burst Buttress/Welded 6,000 psi. High-strength shaft 410 hp not used. | work folder SLB-034"
REDA,GN1600,60,REDA ESP systems; digitized 2026-09-21,,,5.13,,,3500,,1000,1687.1,2150,0,2713.1,57.5185,59.711,0.90083,256,6000,,,,57.518531062175,-0.00283721884508256,-2.57878992996041e-06,1.60543893126128e-09,-1.27979885731966e-12,4.34737026933878e-17,,,,,0.498307477014206,1.51880637828434e-05,5.57508225046466e-07,-3.72444483889581e-10,7.08834592773701e-14,3.13189002170197e-19,,,,,-0.974381283731368,0.102199377880582,-8.43621594243524e-05,4.32177903820332e-08,-9.99672503741124e-12,1.34708226333612e-16,,,,,"Housing burst Buttress/Welded 6,000 psi (Standard 5,000 psi). High-strength shaft 410 hp not used. | work folder SLB-035"
REDA,RC4000,60,REDA ESP systems; digitized 2026-09-21,,,4,,,3500,,3500,4310,7000,0,7425.2,34.7081,78.211,1.38552,315,6000,,,,34.7080911363771,0.000248703876033349,-1.33038210683786e-06,9.04431351046396e-10,-2.02457978663506e-13,1.28256740850864e-17,,,,,0.471033862153631,0.000228731881958511,-1.8512316532678e-08,9.47144802432004e-12,-1.80132012081502e-15,9.1317043186529e-20,,,,,-2.98740475362359,0.0663943563661229,-3.56708459130774e-05,1.18763069777266e-08,-1.88825701650942e-12,1.065015959299e-16,,,,,"REDA Continuum Unconventional Extended-Life EST Stage, 400 Series, 1 stage basis. Duplicate scan of the same RC4000 sheet as SLB-036 (same catalogue row). Housing burst: Standard 6,000 psi used (Buttress/Welded N/A). High-strength shaft 492 hp not used. eff curve degree-5 fit is stiffness-limited (degree 7 would meet residual target) -- flagging for user, not changed unilaterally. | QA review accepted: head: gap of 18% of flow range in extracted points; power: gap of 36% of flow range in extracted points; eff: rmse 1.41% of axis span; eff: max residual 9.67% of axis span; eff: gap of 20% of flow range in extracted points; eff: degree 7 would meet the residual limit (1.65% of span) -- extraction looks clean, 5th-degree form is limiting | work folder SLB-037"
REDA,D5800N,60,REDA ESP systems; digitized 2026-09-21,,,4,,,3500,,4400,5666.3,7000,0,7611.7,29.5221,69.163,1.33188,255,6000,,,,29.522128279466,-0.00404326102562595,1.11209191139962e-06,-9.67741068392532e-11,-2.27302155244591e-15,-7.22579677183003e-20,,,,,0.79487650016921,-9.60738107425356e-05,8.03789699683729e-08,-9.82783456840182e-12,2.79800940151866e-16,3.12766947614147e-23,,,,,-1.41033415554673,0.0306173900958806,-4.2742065304962e-06,-1.46668981167083e-10,1.20275095004178e-13,-1.07830426456972e-17,,,,,"Housing burst Buttress/Welded 6,000 psi (Standard 5,000 psi). High-strength shaft 410 hp not used. | work folder SLB-042"
REDA,D3500N,60,REDA ESP systems; digitized 2026-09-21,,,4,,,3500,,2400,3474.3,4500,0,6074.4,35.2276,66.565,1.0255,316,6000,,,,35.2275972252582,-0.000109319673219536,-2.45621138384324e-06,1.24538449392774e-09,-2.74672038731418e-13,1.82446414717198e-17,,,,,0.581334651850387,0.000161430823959165,-1.78360137827239e-08,3.54906506031973e-12,-2.85744352176095e-16,-1.69889624862806e-20,,,,,-0.346079160500153,0.0466842415844723,-1.60457614864653e-05,4.51645765993559e-09,-7.68482553899696e-13,4.14091775690453e-17,,,,,"Housing burst: Buttress 6,000 psi used (Standard/Welded N/A). High-strength shaft 492 hp not used. | work folder SLB-043"
REDA,DN1800,60,REDA ESP systems; digitized 2026-09-21,,,4,,,3500,,1200,1859.7,2400,0,2941.1,32.2823,74.425,0.33401,125,6000,,,,32.282307186141,-0.009361020858523,-4.83797390588319e-07,4.67867576081635e-09,-3.00130806668913e-12,4.85754095711493e-16,,,,,0.291837545707101,8.92292466157428e-06,-9.51182013298081e-09,6.19397994385234e-11,-4.23556886323093e-14,7.49480059488656e-18,,,,,-0.269495121061951,0.0845415857982774,-3.61981526043971e-05,1.05699681272626e-08,-1.32446255084219e-12,-4.26082411755562e-16,,,,,"Housing burst Buttress/Welded 6,000 psi (Standard 5,000 psi). High-strength shaft 200 hp not used. | work folder SLB-045"
REDA,D1050N,60,REDA ESP systems; digitized 2026-09-21,,,4,,,3500,,300,1032,1650,0,1715.6,34.021,66.555,0.29744,154,6000,,,,34.0210013873495,0.000340245603437253,-1.02671391583483e-05,1.16986165820279e-08,-1.25874267875424e-11,3.63794775190872e-15,,,,,0.166255492487013,0.00016979620484372,-1.58216019313653e-07,2.97088971528709e-10,-2.38800872109226e-13,5.87660804580547e-17,,,,,-0.823995474709122,0.150068485803763,-0.000123653868896623,6.57573947839643e-08,-2.92084643128106e-11,4.32196765697566e-15,,,,,"400 Series, 1 stage basis, sg 1.00. BEP marked: Q=1,032 bbl/d, H=26.07 ft, P=0.30 hp, E=66.51%. Housing burst: Buttress 6,000 psi used (Standard 5,000 psi, Welded N/A). High-strength shaft 240 hp not used. | work folder SLB-049"
REDA,AN2700,60,REDA ESP systems; digitized 2026-09-21,,,3.38,,,3500,,1800,2783.6,3400,0,3997.5,22.4483,67.227,0.45792,125,6000,,,,22.4482830894079,-0.00984525049225719,8.39204367856821e-06,-2.79449206246583e-09,2.40013521857518e-13,4.96101554078007e-18,,,,,0.257094514635402,-9.04263208613316e-05,2.05002559710812e-07,-7.36786612360271e-11,7.72279584707361e-15,-6.24587956484794e-20,,,,,-0.976021033210934,0.0753501717870067,-4.32986400933736e-05,1.56033018999638e-08,-2.74139118146933e-12,1.31656386164127e-16,,,,,"Housing burst Buttress/Welded 6,000 psi (Standard N/A). High-strength shaft 200 hp not used. | work folder SLB-053"
REDA,AN900,60,REDA ESP systems; digitized 2026-09-21,,,3.38,,,3500,,700,840.7,1060,0,1348,21.9224,54.196,0.14586,94,6000,,,,21.9224025104174,-0.00651860131681168,-5.99010824079332e-06,7.04334756210807e-09,-9.6377409698549e-12,2.76484402880541e-15,,,,,0.102199297269337,0.000165021967022079,-3.11118365923514e-07,4.84684619283376e-10,-4.58854114736195e-13,1.57239643871421e-16,,,,,0.41519840183512,0.139199281713626,-0.00012557770416258,4.22197573205831e-08,3.38377643200145e-11,-3.92388465443914e-14,,,,,"Housing burst Buttress/Welded 6,000 psi (Standard N/A). High-strength shaft 150 hp not used. | work folder SLB-056"
REDA,SN3600,60,REDA ESP systems; digitized 2026-09-21,,,5.38,,,3500,,2400,3506.5,4600,0,5217.5,64.0079,69.985,1.83234,256,6000,,,,64.0078627070765,0.000411803288251798,-7.93447081028013e-07,-1.26595524531772e-11,-3.55046189222929e-14,4.95226868297697e-19,,,,,1.16347850830245,7.45530461547525e-05,1.01897814365722e-07,-2.21298327649973e-11,4.23098865976229e-16,8.43255677006732e-20,,,,,-0.383881288570393,0.0417252387968148,-5.7677245397666e-06,-1.01812324304547e-09,4.43959302145726e-13,-5.32825573603579e-17,,,,,Duplicate scan of the same SN3600 sheet as SLB-000 (same catalogue row). | QA review accepted: axis calibration residual > 3 px: check tick assignments | work folder SLB-004
REDA,S6000N,60,REDA ESP systems; digitized 2026-09-21,,,5.38,,,3500,,3500,6125.1,7800,0,10101.4,68.0221,72.714,3.144,487,,,,,68.0221290781377,0.000333671838140954,-3.13110211449791e-06,1.17936950574955e-09,-1.68411482955799e-13,7.47271462024598e-18,,,,,1.50942984471357,0.000231124893957281,5.38393950953746e-08,-5.3985323768966e-12,-8.58250054745263e-16,7.51146898894643e-20,,,,,-0.999642822051626,0.0371482395366726,-1.15859189024341e-05,2.37644949971026e-09,-2.34321778636249e-13,7.488590976165e-18,,,,,Housing burst pressure not legible/specified (N/A on all three ratings). | QA review accepted: axis calibration residual > 3 px: check tick assignments | work folder SLB-002
REDA,S4000N,60,REDA ESP systems; digitized 2026-09-21,,,5.38,,,3500,,1000,4318,6000,0,6998.6,71.9762,71.789,2.49954,463,,,,,71.9761521190098,-0.00171429185589768,1.03453375821672e-06,-2.41441788379728e-10,-3.62944552785052e-14,5.02284359887018e-18,,,,,0.962740263445834,0.000467607330562081,-1.37785032315894e-08,-4.09719351216807e-12,3.46700588456483e-16,-1.07132903627062e-20,,,,,-0.27952254631137,0.0458826490548632,-1.52299365962492e-05,3.79942198999355e-09,-5.5236360272573e-13,2.93420346142908e-17,,,,,Housing burst pressure not legible/specified (N/A on all three ratings). | QA review accepted: head: gap of 55% of flow range in extracted points; eff: gap of 15% of flow range in extracted points | work folder SLB-003
REDA,SN2600,60,REDA ESP systems; digitized 2026-09-21,,,5.38,,,3500,,1600,2522.7,3200,0,3893.2,62.5631,67.54,1.2983,256,6000,,,,62.563116608945,0.00321880724757025,-1.49302686911419e-05,9.71024000479081e-09,-2.52402469097887e-12,1.766181196027e-16,,,,,0.786301150052811,-9.71083925446647e-05,4.36111879987636e-07,-2.2238939435983e-10,4.86548538419587e-14,-4.09755370215039e-18,,,,,-2.05900700138389,0.079037422969409,-4.67044084405291e-05,1.71441557004036e-08,-2.67626288445525e-12,5.75672952829552e-18,,,,,"QA review accepted: eff: rmse 0.82% of axis span; eff: max residual 2.95% of axis span; eff: degree 6 would meet the residual limit (0.33% of span) -- extraction looks clean, 5th-degree form is limiting; axis calibration residual > 3 px: check tick assignments | work folder SLB-005"
REDA,P2050A,60,REDA ESP systems; digitized 2026-09-21,,,11.25,,,3500,,53486,84961.4,96001,0,103241.8,314.8258,79.284,157.45959,1000,1400,,,,314.825837191446,-0.000295466653270682,-2.64753116155255e-08,7.03616080108986e-14,3.91783770842799e-18,-3.26918642431452e-23,,,,,99.6812552569265,0.00180198396111698,-6.72059903189002e-08,1.54763670312322e-12,-1.48171383773907e-17,4.80492335449263e-23,,,,,0.231485399990291,0.0020016443834389,-7.52856113463551e-10,-5.37779903045236e-13,7.50315028135078e-18,-3.31420369544401e-23,,,,,"Housing burst: Standard 1,400 psi (only rating given). | QA review accepted: axis calibration residual > 3 px: check tick assignments | work folder SLB-006"
REDA,N1400B,60,REDA ESP systems; digitized 2026-09-21,,,10,,,3500,,35000,47760.2,60000,0,69964,235.6184,75.86,87.07724,1500,2300,,,,235.618402027209,0.000774661924034573,-1.32181621716609e-07,4.78756654340784e-12,-7.83620909524985e-17,4.20930675910131e-22,,,,,44.8173052511996,0.000750170264751937,7.49145038327938e-09,-9.52110248556699e-14,1.10004541645512e-21,-1.16612562787093e-24,,,,,-0.500584147735637,0.00409089017800928,-1.0183045316678e-07,1.91484197028476e-12,-2.30802061244889e-17,9.95516206965462e-23,,,,,"Buttress housing burst rated Not applicable; used Standard rating (2,300 psi). High-strength shaft option 2,400 hp not used. | QA review accepted: axis calibration residual > 3 px: check tick assignments | work folder SLB-007"
REDA,N1050B,60,REDA ESP systems; digitized 2026-09-21,,,9.5,,,3500,,24000,35006.2,43000,0,54310.9,179.9812,75.253,43.32381,1000,2300,,,,179.981200119754,-0.00044317639304505,-8.75464538026047e-08,4.88712319713037e-12,-1.27805192702747e-16,9.95495284971727e-22,,,,,29.533147456627,0.000960422076100633,-8.20968405588489e-08,4.22814513044485e-12,-8.88297659205072e-17,6.23773369921639e-22,,,,,0.363580993614917,0.00384620593329129,-4.85403820384869e-09,-2.83945511930963e-12,6.48379374645945e-17,-5.58576893012669e-22,,,,,"Housing burst: Standard 2,300 psi used (Buttress N/A, Welded 2,760 psi alt). High-strength shaft 1,600 hp not used. | QA review accepted: axis calibration residual > 3 px: check tick assignments | work folder SLB-009"
REDA,N1050A,60,REDA ESP systems; digitized 2026-09-21,,,9.5,,,3500,,24000,34103.2,47500,0,54939.7,214.405,71.44,55.0472,1000,2300,,,,214.404983119447,-0.00105230906122732,-8.193772984193e-08,5.29015030435767e-12,-1.3618209039599e-16,1.03543144739281e-21,,,,,39.4344757927196,0.000329635277861938,-6.4329328121135e-08,4.85363658561702e-12,-1.09967195781085e-16,7.6792266828957e-22,,,,,0.101122124058179,0.00357041317571388,5.97504071698062e-08,-6.7619357830899e-12,1.46061990240744e-16,-1.06841899675738e-21,,,,,"Housing burst: Standard 2,300 psi used (Buttress N/A, Welded 2,760 psi alt). High-strength shaft 1,600 hp not used. | QA review accepted: axis calibration residual > 3 px: check tick assignments | work folder SLB-010"
REDA,M675A,60,REDA ESP systems; digitized 2026-09-21,,,8.63,,,3500,,19000,26145.3,32000,0,34907.7,147.4618,72.722,27.28936,637,2400,,,,147.461796956721,-0.000738379678023676,1.67266153147221e-09,-1.30859138447463e-12,8.52354567676863e-18,-3.01830124966316e-26,,,,,16.073890569044,-0.000390236935327019,7.40843464896401e-08,-2.19947115332459e-12,2.66926760312481e-17,-1.95401153156986e-22,,,,,-1.40117244849456,0.00676184018838607,-6.51070390095079e-08,-1.19233557096335e-11,4.77602091525429e-16,-5.58526306934243e-21,,,,,"Housing burst Buttress/Welded 2,400 psi (Standard 2,000 psi). High-strength shaft 1,019 hp not used. | QA review accepted: hydraulic check: Q*H/(135770*BHP) differs from digitized efficiency by up to 6.2 pts (axis assignment/units/SG?) | work folder SLB-013"
REDA,M520A,60,REDA ESP systems; digitized 2026-09-21,,,8.63,,,3500,,12000,18597.7,20000,0,27971.2,142.8501,77.293,18.44243,637,2400,,,,142.850139139329,-0.00207996233070046,-6.09339312659335e-08,1.96009296391138e-11,-1.23021016135555e-15,1.93440048502774e-20,,,,,12.7884113618721,8.63484001233871e-05,2.57099737409763e-08,-7.58754540644219e-13,-6.36720126644739e-19,5.05855369342201e-23,,,,,-0.444668751415634,0.00869930672561121,-4.00806108412785e-07,1.85818662274658e-11,-6.8226745974167e-16,7.4931428215816e-21,,,,,"Housing burst Buttress/Welded rating 2,400 psi (consistent with M520B/M520C siblings). High-strength shaft option 1,019 hp not used. Power and efficiency axes share identical 0-70 numeric scale (hp and %) on this sheet; power ticks reused from the efficiency OCR column since gridlines coincide. | QA review accepted: axis calibration residual > 3 px: check tick assignments | work folder SLB-016"
REDA,L43000N,60,REDA ESP systems; digitized 2026-09-21,,,7.25,,,3500,,36000,46060.4,54000,0,67115.6,106.0727,71.097,31.10437,1000,3500,,,,106.072740834422,-0.00396122134390779,1.81728368192724e-07,-3.10663604779348e-12,1.42164881528003e-17,-5.98519759134913e-24,,,,,17.6425437209152,-0.000867484968720203,7.49478683839835e-08,-1.48296113080427e-12,8.90338225588982e-18,-3.60479891583003e-24,,,,,-2.54207456576839,0.00522471107600293,-1.78828527284246e-07,2.95713357232384e-12,-7.5834679944827e-18,-2.0478419428104e-22,,,,,"Housing burst Buttress/Welded 3,500 psi (Standard 2,000 psi). High-strength shaft 1,500 hp not used. | QA review accepted: hydraulic check: Q*H/(135770*BHP) differs from digitized efficiency by up to 5.8 pts (axis assignment/units/SG?) | work folder SLB-017"
REDA,L16000N,60,REDA ESP systems; digitized 2026-09-21,,,7.25,,,3500,,11000,15572.6,20000,0,24936.6,118.6704,76.616,13.75989,637,3500,,,,118.670421163467,0.0011374760672916,-5.20286298273735e-07,4.78381766091086e-11,-2.10587106994644e-15,2.93140699014968e-20,,,,,7.23532425553143,0.000343851829038882,1.16363138268158e-08,-3.25571176410342e-13,-1.13970019764927e-17,2.70536243616163e-22,,,,,-0.715874692619096,0.0125429924103738,-8.57784946237118e-07,3.88114476022877e-11,-1.08350492975922e-15,7.83323255183977e-21,,,,,"Housing burst Buttress/Welded rating 3,500 psi; Standard N/A. High-strength shaft option 1,019 hp not used. Power and efficiency axes share identical 0-70 numeric scale on this sheet; power ticks reused from efficiency OCR column since gridlines coincide. | QA review accepted: axis calibration residual > 3 px: check tick assignments | work folder SLB-019"
REDA,JN21000,60,REDA ESP systems; digitized 2026-09-21,,,6.75,,,3500,,16000,20395.3,25000,0,29945.8,98.4115,68.802,11.35978,637,3060,,,,98.4115498567213,-0.00523439276028802,3.94631531124643e-07,-1.78271072209177e-11,3.37366373059415e-16,-3.05103190824663e-21,,,,,9.96574080843555,-0.000217489156444047,2.59789515138121e-08,-1.57534059772821e-13,-3.06840334771729e-17,4.72971606506416e-22,,,,,1.06404824040887,0.00602332030082664,1.012943127763e-07,-3.07849233355133e-11,1.40584681526915e-15,-2.24780466955844e-20,,,,,"Housing burst Buttress/Welded 3,060 psi (Standard N/A). High-strength shaft 1,019 hp not used. | QA review accepted: eff: rmse 0.85% of axis span; eff: max residual 4.27% of axis span; eff: degree 6 would meet the residual limit (1.56% of span) -- extraction looks clean, 5th-degree form is limiting | work folder SLB-020"
REDA,J12000N,60,REDA ESP systems; digitized 2026-09-21,,,6.75,,,3500,,8000,12666.5,18500,0,23671.6,109.4399,78.032,9.8837,637,3060,,,,109.43990205982,-0.00247250853664041,2.35630074183442e-07,-1.80600104392014e-11,2.09991631026445e-16,-1.26571056411797e-21,,,,,5.30594172461688,0.000321144891942966,1.12233355884308e-09,6.37470783597957e-13,-4.0041632552586e-17,1.9978893313779e-22,,,,,-0.236091911866183,0.0140989275674752,-8.14733509100743e-07,1.61797382403657e-11,1.31801922142918e-16,-1.80149984962982e-20,,,,,"Housing burst Buttress/Welded rating 3,060 psi; Standard N/A. High-strength shaft option 1,019 hp not used. | QA review accepted: axis calibration residual > 3 px: check tick assignments | work folder SLB-022"
REDA,JN8500,60,REDA ESP systems; digitized 2026-09-21,,,6.75,,,3500,,6000,8594.3,11250,0,14763.4,107.2783,73.604,6.21697,637,3060,,,,107.278304970274,-0.000318504174111098,-8.5689900235413e-07,8.27919806007863e-11,-4.08486450046233e-15,1.6803100222629e-20,,,,,3.8889917637997,7.29130509303981e-05,7.6819775321291e-08,-8.0702684923803e-12,1.95795772551052e-16,1.74977806016755e-21,,,,,-0.802740686678206,0.0226292200039071,-2.31987687147878e-06,4.87074258150907e-11,8.49129623306906e-15,-5.5387201120696e-19,,,,,"675 Series. Housing burst Buttress 3,060 psi (Standard/Welded N/A). High-strength shaft 1,019 hp not used. | QA review accepted: head: gap of 12% of flow range in extracted points | work folder SLB-023"
REDA,H22500N,60,REDA ESP systems; digitized 2026-09-21,,,5.63,,,3500,,20000,22572.1,30000,0,32013.8,58.7486,80.721,2.19239,787,6000,,,,58.7485671049052,-0.000441221325050209,-3.31309269577049e-07,4.83875371804534e-11,-2.09912541975608e-15,2.78968831943064e-20,,,,,0.563055530645355,3.88788730082054e-05,5.56466370508852e-09,-1.56712629793992e-13,-3.2327124750529e-18,9.52328221078366e-23,,,,,-2.25924605560404,0.0149135283971164,-1.89317249409241e-06,1.32151409290985e-10,-4.15083173808371e-15,4.58454665946957e-20,,,,,"Housing burst: Buttress 6,000 psi used (Standard/Welded N/A). High-strength shaft 1,223 hp not used. All axes (x, head, power, efficiency) were individually re-verified against the printed gridlines/labels and are internally consistent and correctly oriented, yet the hydraulic check (Q*H/(135770*BHP) vs digitized efficiency) diverges by up to about 336 points -- a genuine inconsistency between the printed power curve and the printed head/efficiency curves on this sheet. Flagged for user rather than forced to reconcile. | QA review accepted: hydraulic check: Q*H/(135770*BHP) differs from digitized efficiency by up to 336.5 pts (axis assignment/units/SG?) | work folder SLB-026"
REDA,H15500N,60,REDA ESP systems; digitized 2026-09-21,,,5.63,,,3500,,11000,15398.9,20000,0,23019.7,56.5721,73.071,7.04551,637,3000,,,,56.5720798454685,0.000127240459684358,-1.52883404617106e-07,3.09632574039322e-11,-2.12925530870674e-15,3.73849306288234e-20,,,,,2.86211483806652,0.000145530859760279,2.49276980319414e-08,7.00396542061074e-13,-1.95024412413707e-16,5.1276959805122e-21,,,,,-1.02977700773022,0.0137258050322916,-1.14799981259249e-06,4.28859652937825e-11,5.07934629967197e-16,-5.79752613628035e-20,,,,,"Housing burst: Standard 3,000 psi used (Buttress N/A, Welded 3,600 psi alt). High-strength shaft 1,019 hp not used. | QA review accepted: eff: rmse 0.79% of axis span; eff: max residual 4.14% of axis span; eff: degree 7 would meet the residual limit (0.58% of span) -- extraction looks clean, 5th-degree form is limiting | work folder SLB-027"
REDA,GN5200,60,REDA ESP systems; digitized 2026-09-21,,,5.13,,,3500,,3900,5581.8,6600,0,8114.7,46.0454,66.351,1.73794,375,6000,,,,46.045353432716,-0.00165976723694118,1.04458915864933e-06,-6.93807130891972e-10,1.24800478895339e-13,-7.72430651957515e-18,,,,,1.38709452171196,-3.48752354233273e-05,1.01161570106288e-07,-2.79118351380703e-11,2.98081472517246e-15,-1.19178675656648e-19,,,,,0.44250007478793,0.021349618529717,2.98950813021626e-06,-2.57433376529956e-09,4.83003933671154e-13,-3.09256307654037e-17,,,,,"Housing burst Buttress/Welded 6,000 psi (Standard 5,000 psi). High-strength shaft 600 hp not used. | QA review accepted: axis calibration residual > 3 px: check tick assignments | work folder SLB-031"
REDA,RC2500,60,REDA ESP systems; digitized 2026-09-21,,,4,,,3500,,1000,2526,3200,0,3950.4,30.3496,65.983,0.63023,,6000,,,,30.3496371063311,-0.00194540387785669,3.46313086312815e-06,-2.45837667257267e-09,4.95802318183066e-13,-4.07432404127785e-17,,,,,0.158099115917975,0.000260297206821097,2.62088128011636e-08,-3.24594401829983e-11,3.99988147370035e-15,7.50073733516767e-20,,,,,0.200809835212112,0.0887720932866102,-6.2733852222475e-05,2.66237221002436e-08,-5.58484362808774e-12,3.89865712038211e-16,,,,,"REDA Continuum Unconventional Extended-Life EST Stage, 400 Series, 1 stage basis. Duplicate scan of the same RC2500 sheet as SLB-038 (same catalogue row). Standard shaft rated 0 hp (not offered); only High-strength shaft (240 hp) available -- shaft_limit_hp left blank. Housing burst: Buttress/Welded 6,000 psi (Standard 5,000 psi). | QA review accepted: head: gap of 20% of flow range in extracted points; hydraulic check: Q*H/(135770*BHP) differs from digitized efficiency by up to 5.8 pts (axis assignment/units/SG?); axis calibration residual > 3 px: check tick assignments | work folder SLB-039"
REDA,RC1000,60,REDA ESP systems; digitized 2026-09-21,,,4,,,3500,,200,1467.9,1350,0,1600.9,33.6878,34.853,0.28708,,6000,,,,33.6878213647893,0.000591542737448982,-6.37133943465757e-07,-7.88669746915348e-09,2.16165539441684e-12,-5.18050884461028e-16,,,,,0.15648972185969,-5.51787853074527e-05,3.24491756776623e-07,-3.97828412608005e-11,-1.84783006860767e-13,7.27992838003442e-17,,,,,21.6014921234992,0.0636672711858975,-0.000277375337839501,4.00316013921584e-07,-2.25491540172662e-10,4.37574479490957e-14,,,,,"REDA Continuum Unconventional Extended-Life EST Stage, 400 Series, 1 stage basis. Duplicate scan of the same RC1000 sheet as SLB-040 (same catalogue row). Standard shaft rated 0 hp (not offered); only High-strength shaft (240 hp) available -- shaft_limit_hp left blank. Housing burst: Buttress 6,000 psi (Standard 5,000 psi, Welded N/A). Hydraulic check residual elevated (~50 pts) despite axis calibration reading cleanly off the printed ticks; head curve has an anti-aliased gap near its flat peak. Flagged for user, not force-fit. | QA review accepted: head: gap of 22% of flow range in extracted points; eff: rmse 1.34% of axis span; eff: max residual 3.68% of axis span; hydraulic check: Q*H/(135770*BHP) differs from digitized efficiency by up to 50.4 pts (axis assignment/units/SG?) | work folder SLB-041"
REDA,D2400N,60,REDA ESP systems; digitized 2026-09-21,,,4,,,3500,,1500,2442.2,3200,0,3989,36.7963,68.34,0.61204,162,6000,,,,36.7963090791818,0.00842287366704747,-2.22585520666116e-05,1.38452155856233e-08,-3.69225817328177e-12,3.41026236137616e-16,,,,,0.18064962783297,0.000767879995155936,-7.48343442003952e-07,3.73929420120268e-10,-8.56525157411445e-14,7.1330699815708e-18,,,,,4.73311528141423,0.0607230571333151,-2.74130165217079e-05,1.04231853331024e-08,-2.48178758930836e-12,1.75765566906785e-16,,,,,"Housing burst Buttress/Welded 6,000 psi (Standard 5,000 psi). High-strength shaft 245 hp not used. | QA review accepted: eff: rmse 0.70% of axis span; eff: max residual 3.10% of axis span; axis calibration residual > 3 px: check tick assignments | work folder SLB-044"
REDA,D1750N,60,REDA ESP systems; digitized 2026-09-21,,,4,,,3500,,1200,1798.3,2050,0,2403,30.1854,67.434,0.35326,125,6000,,,,30.1854264715245,0.00610570697970443,-3.37530457119215e-05,3.53872086804771e-08,-1.58566436565541e-11,2.47894816838194e-15,,,,,0.269965209632212,0.000115814618760196,-2.91496431503881e-07,3.84875250608393e-10,-1.94487948465679e-13,3.26164634416886e-17,,,,,-0.732258669999162,0.085877752398276,-3.10105401881555e-05,-3.62707460181871e-09,6.32590675842814e-12,-1.65081764520821e-15,,,,,"Housing burst Buttress/Welded 6,000 psi (Standard 5,000 psi). High-strength shaft 200 hp not used. | QA review accepted: axis calibration residual > 3 px: check tick assignments | work folder SLB-046"
REDA,D1400N,60,REDA ESP systems; digitized 2026-09-21,,,4,,,3500,,960,1378.9,1700,0,1992.4,30.5222,62.848,0.33259,254,6000,,,,30.5222158606083,-0.00668784909595546,-1.9911338957566e-06,6.60204056531382e-09,-3.96326868028974e-12,2.83135813723235e-17,,,,,0.205403426219902,-7.64450116114321e-05,4.07548013911698e-07,-2.88267552077473e-10,6.7189388292112e-14,-5.90323084628965e-18,,,,,-0.0842970671009908,0.116209365285939,-4.73662148841386e-05,-6.74304160233728e-08,8.22748575649756e-11,-2.5656769407794e-14,,,,,"Housing burst Buttress/Welded 6,000 psi (Standard 5,000 psi). Sheet prints Standard 254 hp above High-strength 200 hp (i.e. standard > high-strength) -- recorded as printed, flagged as unusual. | QA review accepted: axis calibration residual > 3 px: check tick assignments | work folder SLB-047"
REDA,D1150N,60,REDA ESP systems; digitized 2026-09-21,,,4,,,3500,,400,1102,1650,0,1800.9,43.1031,59.417,0.41944,154,6000,,,,43.1031470711579,-0.00358411711946155,6.37896161863272e-06,-8.64664444164963e-09,6.27118910686053e-13,-1.36883382897668e-16,,,,,0.176624089861578,0.000233735826284109,-3.37620717823619e-08,6.78293387098791e-11,-5.763125231236e-14,1.25887075597882e-17,,,,,-1.95637876898727,0.128635943525514,-0.00010830010314653,6.46467187247081e-08,-2.72274576761985e-11,2.93904008084656e-15,,,,,"400 Series, 1 stage basis, sg 1.00. BEP marked on sheet: Q=1102 bbl/d, H=36.87 ft, P=0.49 hp, E=61.03%. Housing burst: Buttress 6,000 psi used (Standard 5,000 psi, Welded 6,000 psi). High-strength shaft option 200 hp not used. Power/efficiency axis OCR failed on the original auto-frame; ticks read manually from a zoomed crop (power 0.5-3.0 hp by 0.5, efficiency 10-60% by 10, shared gridline rows). | QA review accepted: hydraulic check: Q*H/(135770*BHP) differs from digitized efficiency by up to 11.7 pts (axis assignment/units/SG?) | work folder SLB-048"
REDA,D800N,60,REDA ESP systems; digitized 2026-09-21,,,4,,,3500,,250,788,1150,0,1402,43.627,61.723,0.75113,154,6000,,,,43.6269543136565,0.00158897939448174,-2.78855012335607e-05,7.48639879859654e-08,-8.69608413932542e-11,2.83767758163683e-14,,,,,0.58195898360029,0.000252839022744859,-5.70345310780266e-08,1.17951651213355e-11,-1.66469050894125e-15,7.31653468306188e-19,,,,,9.51367523698428,0.182944870280101,-0.000339066667021931,4.63137866658143e-07,-3.56065247615178e-10,9.63168771426684e-14,,,,,"400 Series, 1 stage basis, sg 1.00. BEP marked: Q=788 bbl/d, H=34.74 ft, P=0.33 hp, E=61.06%. Housing burst Buttress/Welded 6,000 psi (Standard 5,000 psi). High-strength shaft 200 hp not used. Power/efficiency axis auto-detection was contaminated by the BEP text box; ticks read manually from a zoomed crop (normal orientation, matching Head). Fit reproduces Q and E closely (788 bbl/d, 61.7% vs printed 61.06%) but fitted BHP (0.75 hp) is about 2.3x the printed BEP P=0.33 hp even though the extracted curve sits exactly on its own printed gridlines -- likely a sheet-level inconsistency, flagged for user rather than forced to match the BEP box. | QA review accepted: hydraulic check: Q*H/(135770*BHP) differs from digitized efficiency by up to 32.9 pts (axis assignment/units/SG?) | work folder SLB-050"
REDA,DN800,60,REDA ESP systems; digitized 2026-09-21,,,4,,,3500,,400,709,950,0,1248.1,32.0718,0.639,-13354.902,94,6000,,,,32.0718009800939,-0.0143166148687105,4.83746292953564e-05,-7.71907224003829e-08,2.42629532617057e-11,5.41288587037581e-16,,,,,-14151.4373302224,-5.2758709833555,0.0275431974616134,-4.21540770179398e-05,2.70746118933405e-08,-6.28503246822234e-12,,,,,0.561822326800596,0.00139380381251371,-5.96986165030603e-06,9.9311648263089e-09,-6.87157872061168e-12,1.60195645163293e-15,,,,,"400 Series star, 1 stage basis, sg not stated numerically (Sp. Gr. label, taken as 1.00 consistent with the rest of the batch). BEP marked: Q=709 bbl/d, H=25.07 ft, P=0.22 hp, E=59.18%. Housing burst Buttress/Welded 6,000 psi (Standard 5,000 psi). High-strength shaft 150 hp not used. Distinct model from SLB-050 D800N (different ROR, different BEP) despite the similar name -- not a duplicate. | QA review accepted: head: gap of 16% of flow range in extracted points; eff: rmse 2.23% of axis span; eff: max residual 9.63% of axis span | work folder SLB-051"
REDA,D460N,60,REDA ESP systems; digitized 2026-09-21,,,4,,,3500,,200,486,650,0,803,40.8499,52.126,0.21851,116,6000,,,,40.8498968088681,0.00412827312343689,-4.07620754833894e-05,3.43164513308901e-08,-3.43650813168354e-11,-1.15139210402771e-14,,,,,0.0925348625431675,0.000213899011217805,9.81680058676229e-08,7.10457899471816e-11,-2.69568717497115e-13,2.10901931568152e-16,,,,,-1.23462273040501,0.269618618136202,-0.00050830401493881,5.39941382956018e-07,-3.8745216200582e-10,7.44962277187963e-14,,,,,"400 Series, 1 stage basis, sg 1.00. BEP marked: Q=486 bbl/d, H=35.90 ft, P=0.24 hp, E=53.00%. Housing burst Buttress/Welded 6,000 psi (Standard 5,000 psi). High-strength shaft 150 hp not used. Power/efficiency axis auto-detection was contaminated by the BEP text box; ticks read manually from a zoomed crop (normal orientation, matching Head); fit reproduces the BEP box closely (Q=489, E=52.1%, BHP=0.22 vs printed 486/53.0/0.24). | QA review accepted: hydraulic check: Q*H/(135770*BHP) differs from digitized efficiency by up to 6.6 pts (axis assignment/units/SG?) | work folder SLB-052"
REDA,AN1500,60,REDA ESP systems; digitized 2026-09-21,,,3.38,,,3500,,1000,1486.8,2000,0,2757.3,17.6461,44.587,0.28641,125,6000,,,,17.6461243561464,-0.00233931205315735,-1.69689198872038e-06,1.59629809330639e-09,-1.10394204084419e-12,2.01061114841357e-16,,,,,0.211082575080897,-0.000100217242002462,3.73439408784431e-07,-3.23645070581788e-10,1.18288415583889e-13,-1.58966454026753e-17,,,,,-1.37185469404011,0.0824333740656629,-6.96838157494803e-05,4.19874715654949e-08,-1.52086644653918e-11,1.89362481560243e-15,,,,,"Housing burst Buttress/Welded 6,000 psi (Standard N/A). High-strength shaft 200 hp not used. eff curve degree-5 fit shows elevated rmse (0.79% of span); flagged for user, not changed unilaterally. | QA review accepted: eff: rmse 0.79% of axis span | work folder SLB-054"
REDA,AN1200,60,REDA ESP systems; digitized 2026-09-21,,,3.38,,,3500,,800,1112.9,1650,0,2020.5,21.0245,53.162,0.20541,94,6000,,,,21.0245051872815,-0.00464311719605438,-3.42207165216501e-06,3.97028058528696e-09,-2.73892355963767e-12,4.51879709524592e-16,,,,,0.154250989616526,5.41594691595989e-05,-1.48426471026764e-07,2.97559664224601e-10,-2.01382948360261e-13,4.30458087608369e-17,,,,,0.50050151342397,0.0848238665975124,1.8317563653018e-05,-1.08068469742323e-07,7.53343360521229e-11,-1.81759885569747e-14,,,,,"Housing burst Buttress/Welded 6,000 psi (Standard N/A). High-strength shaft 150 hp not used. | QA review accepted: axis calibration residual > 3 px: check tick assignments | work folder SLB-055"
REDA,AN550,60,REDA ESP systems; digitized 2026-09-21,,,3.38,,,3500,,400,586.9,700,0,898.1,22.1843,47.066,0.12547,94,6000,,,,22.1843114789879,0.00436948944905087,-7.66574996297825e-05,1.67694629418999e-07,-1.92470950393489e-10,6.7506842114719e-14,,,,,0.0986610548652026,-1.84394087688332e-05,2.8446278109239e-07,3.46616970463426e-10,-1.93423265285995e-12,1.42268776116159e-15,,,,,-1.00568540960353,0.204839028091207,-0.000343191974968914,1.75433503458312e-07,3.64296701251453e-10,-4.68494156196377e-13,,,,,"Housing burst Buttress/Welded 6,000 psi (Standard N/A). High-strength shaft 150 hp not used. eff curve degree-5 fit shows elevated residual (degree 6 would meet target); flagged for user, not changed unilaterally. | QA review accepted: eff: rmse 1.07% of axis span; eff: max residual 4.87% of axis span; eff: degree 6 would meet the residual limit (1.70% of span) -- extraction looks clean, 5th-degree form is limiting | work folder SLB-057"
Baker Hughes,400FLEXPump17.5,60,Baker Hughes ESP performance curve; digitized 2026-09-22,,400,4,Mixed flow,,3500,,500,1787.6,2600,0,3121.9,28.4954,69.873,0.37516,,5627,,,,28.495422433687,-0.00425998575188831,2.96125523737755e-06,-3.66287397971285e-09,1.18422070256799e-12,-1.52073700351656e-16,,,,,0.294278040510482,-1.85786766016074e-05,1.4140141052978e-07,-9.41881264888314e-11,2.37395880740579e-14,-2.30828937632407e-18,,,,,0.382024615178267,0.0826269262374621,-2.29918416546093e-05,-7.28389006482569e-09,5.90266331912518e-12,-1.28240652333255e-15,,,,,"Head/Power/Eff at BEP per spec table: 18.6 ft, 0.34 bhp, 71% (flow at BEP not printed on this sheet). Standard shaft alloys Monel and Inconel, shaft dia 0.6875 in. Housing alloys Carbon steel and 9Cr-1Mo. Abrasion resistant options SND, SHD, SSD, SXD. | work folder 400 Flex17.5"
Baker Hughes,400FLEXPump7,60,Baker Hughes ESP performance curve; digitized 2026-09-22,,400,4,Mixed-flow,,3500,,50,725,925,0,1299.8,37.0207,55.081,0.30961,,5627,,,,37.020662582469,-0.00653235858488999,2.71304605684239e-05,-6.29689657223356e-08,4.15193556460965e-11,-1.23738333981574e-14,,,,,0.220637917614302,-7.16741420135607e-06,7.12183339291336e-08,5.812040228385e-10,-8.08985191253236e-13,2.93340428140366e-16,,,,,0.233107271178397,0.120963140054349,4.89123915676126e-05,-3.1439180165632e-07,2.92940064660916e-10,-9.82812281789372e-14,,,,,"Standard shaft alloy Inconel, shaft dia 0.6875 in. Housing alloys Carbon steel and 9Cr-1Mo. Alternate ER (extended range) variant digitized separately as FLEXPumpER7 (400 FlexER7 sheet), flow range 50-1200 bbl/d. | work folder 400 Flex7"
Baker Hughes,400FLEXPumpER7,60,Baker Hughes ESP performance curve; digitized 2026-09-22,,400,4,Mixed-flow,,3500,,50,725,1200,0,1295.2,36.917,55.003,0.30913,,5627,,,,36.9170080505604,-0.00648405786365651,2.70917661571143e-05,-6.3555916492993e-08,4.22463869475841e-11,-1.26591156584898e-14,,,,,0.218532008545332,5.20640000528907e-06,3.4872321703025e-08,6.35516676075867e-10,-8.50210159750955e-13,3.05604248628299e-16,,,,,0.473859950050247,0.12137934495557,4.63208233143273e-05,-3.12099697757322e-07,2.92817694714879e-10,-9.87687903358043e-14,,,,,"Extended-range (ER) variant of FLEXPump7. Standard shaft alloy Inconel, shaft dia 0.6875 in. Housing alloys Carbon steel and 9Cr-1Mo. | work folder 400 FlexER7"
Baker Hughes,538P47,60,Baker Hughes ESP performance curve; digitized 2026-09-22,,,,,,3500,,,4765.2,,0,8202,70.9671,65.813,2.78595,,,,,,70.9671281666802,0.00197334500093816,-3.0899629131403e-06,7.84357981161713e-10,-1.02465387748333e-13,4.08537697545662e-18,,,,,1.84133041040973,0.000349475949612031,-1.31751086788086e-07,4.39887499088854e-11,-6.2962319622099e-15,3.08359121500222e-19,,,,,0.34669955775982,0.0274327773425147,-2.68789931122867e-06,-2.09945062861993e-10,6.39072338140062e-14,-5.88374064085732e-18,,,,,"Head, Power and Efficiency curves for this pump share the same olive colour on the chart. Digitized with a custom column-wise velocity-tracked tracer seeded at each curve's known start point; columns with more than 6 colour clusters (the olive dashed operating-range boundary line at ~5,900 bbl/d) were skipped to avoid derailing the tracker. Power (thin dotted line) was traced in a y-band restricted to low BHP values and truncated before the declining head curve's tail re-enters that band near shutoff; the power fit does not cover the last portion of the flow range. | work folder 538P47"
Baker Hughes,538P75,60,Baker Hughes ESP performance curve; digitized 2026-09-22,,,,,,3500,,,7643,,0,12167,63.0181,75.205,3.07039,,,,,,63.0180727676099,0.000783235698065425,-1.32609477861985e-06,2.61309268233366e-10,-2.61362220120377e-14,8.46887882970724e-19,,,,,1.8712178754313,0.000500490428360474,-8.89805024528093e-08,1.09041418254021e-11,-9.18326248329698e-16,3.20950913097039e-20,,,,,-2.3864000903456,0.0253892586259181,-4.64215442189677e-06,6.51163822986355e-10,-4.57576206219894e-14,7.71892843632054e-19,,,,,"Head, Power and Efficiency curves for this pump share the same olive colour on this 3-pump chart, and this pump's curves extend across the full width of the chart. Digitized with a custom column-wise velocity-tracked tracer; the '538P75' label box and callout line (around 9,900-13,900 bbl/d) could not be fully bridged for the efficiency curve, so the efficiency fit only covers 1,200-10,500 bbl/d (rise, BEP and most of the decline; the last ~3,000 bbl/d before shutoff is not covered). The head curve was successfully traced across its full range. Power (thin dotted line) was traced in a y-band restricted to low BHP values and truncated at ~9,700 bbl/d. | work folder 538P75"
Baker Hughes,FLEX6 338,60,Baker Hughes ESP performance curve; digitized 2026-09-22,,338,,,,3500,,,606.7,,0,881.5,25.2237,50.036,0.13248,,,,,,25.2236537857113,-0.0137020497103749,-7.39233289952503e-05,2.91334537237909e-07,-3.95276410091556e-10,1.65955738395699e-13,,,,,0.12045849659931,5.92584863211337e-05,-4.78524310774249e-07,1.59972552680602e-09,-2.05050714954711e-12,8.85394739701813e-16,,,,,-2.35325600678156,0.198580014546984,-0.000430339451691679,8.31753628752225e-07,-8.58190445544438e-10,2.53535247314538e-13,,,,,6-series pump (338 SERIES). No spec table on this sheet (older PDF layout); OD/shaft/burst not printed. | work folder Flex6_338
Baker Hughes,400P10,60,Baker Hughes ESP performance curve; digitized 2026-09-22,,,,,,3500,,,963.1,,0,1763.3,40.1386,61.079,0.38027,,,,,,40.1386311940552,-0.0166480309858061,6.15810299816942e-05,-8.74398381934578e-08,4.1418216256205e-11,-7.23401031369136e-15,,,,,0.129766035837142,0.000384289018792339,-1.7037792075048e-07,2.57159575420827e-10,-3.65638401887141e-13,1.48788809670855e-16,,,,,-2.03722113884423,0.196153440689056,-0.000327534047885443,3.73457653964051e-07,-2.27697118984575e-10,4.86231000686615e-14,,,,,"Head, Power and Efficiency curves for this pump are all drawn in the same olive colour (shared with the chart's other 'P10' traces), so per-colour extraction is not possible. Digitized with a custom column-wise velocity-tracked tracer seeded at each curve's known start point (head at its printed start value, efficiency at 0% at zero flow) to resolve the head/efficiency crossing near 300 bbl/d. Power (a thin dotted line, also olive) was traced separately in a y-band restricted to low BHP values and truncated at ~1030 px (~1530 bbl/d) before the point where the tail of the declining head curve re-enters that same band and risks contaminating it; the fitted power curve should be treated as less reliable near shutoff. | QA review accepted: eff: max residual 2.51% of axis span; eff: degree 6 would meet the residual limit (2.12% of span) -- extraction looks clean, 5th-degree form is limiting | work folder 400P10"
Baker Hughes,400P3,60,Baker Hughes ESP performance curve; digitized 2026-09-22,,,,,,3500,,,334.5,,0,616.9,21.9632,41.331,0.11095,,,,,,21.9631733229045,0.0811362820392978,-0.000901306153405007,3.19097059981756e-06,-5.00340376677604e-09,2.75853962347731e-12,,,,,0.0682413157556024,0.000202065986237851,-1.28214130830814e-06,7.64013130119227e-09,-1.80032575775797e-11,1.38536172683543e-14,,,,,-0.127026739258582,0.239475860046745,-0.000200672498064393,-1.02786776170968e-06,2.49035001076903e-09,-2.12537262765637e-12,,,,,"Head, Power and Efficiency curves for this pump share the same olive colour on the chart, so per-colour extraction is not possible. Digitized with a custom column-wise velocity-tracked tracer seeded at each curve's known start point. Power (thin dotted line) was traced in a y-band restricted to low BHP values and truncated at ~514 bbl/d, before the declining head curve's tail re-enters that same band near shutoff (~640 bbl/d) and risks contaminating it; the power fit does not cover the last ~20% of the flow range. | QA review accepted: head: rmse 1.83% of axis span; head: max residual 7.20% of axis span; head: gap of 13% of flow range in extracted points | work folder 400P3"
Baker Hughes,538P62,60,Baker Hughes ESP performance curve; digitized 2026-09-22,,,,,,3500,,,7013.4,,0,10462.2,62.871,76.181,2.66097,,,,,,62.8709859204751,-0.00576980839648823,1.86789659150174e-06,-3.23055696665381e-10,1.78026787703782e-14,-4.01774212308026e-19,,,,,1.77961454025575,0.00086438745087561,-2.89085036898321e-07,4.96458637647657e-11,-4.37597343082209e-15,1.47296094868809e-19,,,,,0.401227578364242,0.0189002563483086,-2.35947067168385e-06,3.73553206569444e-10,-2.51649873431446e-14,-5.1266094854524e-19,,,,,"Head, Power and Efficiency curves for this pump share the same orange colour on this 3-pump chart. Digitized with a custom column-wise velocity-tracked tracer seeded at each curve's known start point, with the '538P62' label box and its callout line masked out. Power (thin dotted line) was traced in a y-band restricted to low BHP values, seeded past the orange dashed operating-range boundary line (~2,000 bbl/d) which otherwise derails the tracker. | QA review accepted: head: rmse 0.65% of axis span; head: max residual 5.10% of axis span; head: gap of 17% of flow range in extracted points | work folder 538P62"
Baker Hughes,FLEX10,60,Baker Hughes ESP performance curve; digitized 2026-09-22,,,,,,3500,,,919.6,,0,1796.1,38.0374,65.044,0.33484,,,,,,38.0373717170481,-0.000773780317324059,-4.70318665569328e-06,2.07753266799486e-08,-2.99779514622406e-11,9.10012102763275e-15,,,,,0.191781261828649,0.00016141715044731,-1.83957134655991e-07,4.56437416242106e-10,-3.73386880358822e-13,9.46736593336889e-17,,,,,-0.790771222942311,0.150868434910415,-0.000109454634220063,4.60898867789948e-08,-2.76988026708968e-11,5.50974484566718e-15,,,,,QA review accepted: head: gap of 76% of flow range in extracted points; hydraulic check: Q*H/(135770*BHP) differs from digitized efficiency by up to 5.2 pts (axis assignment/units/SG?) | work folder FLEX10
Baker Hughes,FLEX3.2,60,Baker Hughes ESP performance curve; digitized 2026-09-22,,,,,,3500,,,317.3,,0,643.9,24.0231,49.295,0.09216,,,,,,24.0231393318648,-0.0132773806342396,0.000182862934045621,-9.6707155136222e-07,1.43818694823866e-09,-7.25993806695218e-13,,,,,0.0711050976681171,4.0248274918021e-05,-2.09104585120679e-07,2.12048048709714e-09,-4.79575405711235e-12,3.17100366189796e-15,,,,,0.516700946366988,0.207253139664407,0.000496943346883802,-3.49538689974388e-06,5.33135805702349e-09,-2.92059795173915e-12,,,,,QA review accepted: head: gap of 17% of flow range in extracted points | work folder FLEX3.2
Baker Hughes,FLEX47,60,Baker Hughes ESP performance curve; digitized 2026-09-22,,,,,,3500,,,5006.6,,0,8177.2,68.626,71.272,2.59163,,,,,,68.6259676369539,0.00559676710934545,-5.38548740112568e-06,1.41019559440127e-09,-1.77993099206084e-13,7.39573044805269e-18,,,,,1.72274349960041,8.85664211075014e-05,4.05362330571364e-08,8.76359908640765e-13,-1.7186032783578e-15,1.20549342055906e-19,,,,,-0.490847339634399,0.0338031610334899,-5.20497820164038e-06,8.0346964259326e-11,8.45113616126275e-14,-9.59723696945584e-18,,,,,QA review accepted: head: gap of 12% of flow range in extracted points | work folder FLEX47
Baker Hughes,FLEX80,60,Baker Hughes ESP performance curve; digitized 2026-09-22,,,,,,3500,,,7776.1,,0,13464.5,76.9491,75.863,3.82807,,,,,,76.9491023633026,-0.00189556896352764,-2.76947405440459e-07,3.76018218782549e-11,-4.13296828320917e-15,9.67478805149841e-20,,,,,2.97585473909895,0.000329232073444883,-1.12342524745562e-07,2.08321141731191e-11,-1.6263834733574e-15,4.34884735003485e-20,,,,,0.541265325491025,0.0160197595194211,2.78382583831437e-07,-2.83367605974857e-10,2.57915587802598e-14,-9.54738406033775e-19,,,,,QA review accepted: head: gap of 15% of flow range in extracted points | work folder FLEX80
Baker Hughes,WIJ500C,60,Baker Hughes ESP performance curve; digitized 2026-09-22,,862,,,,3500,,,16460.4,,0,30380,137.1826,79.413,14.66288,,,,,,137.182634950772,-0.00414328873039261,7.59979477127192e-07,-7.25279217731377e-11,2.47616335697419e-15,-3.04682176598821e-20,,,,,9.84749177507402,-8.74466876848342e-05,7.61627387036752e-08,-4.59922320335437e-12,9.51905184812175e-17,-7.09424485626171e-22,,,,,0.700593828823088,0.00954992588064531,-4.96820000300484e-08,-3.80182602826019e-11,1.96555634807484e-15,-3.29030247792381e-20,,,,,work folder BHI-025
Baker Hughes,WME2700,60,Baker Hughes ESP performance curve; digitized 2026-09-22,,1038,,,,3500,,,99102.2,,0,155210.7,208.4756,79.495,152.63391,,,,,,208.475556893686,-0.000927953299607587,1.79392242842123e-08,-3.79545536450842e-14,-1.488986278077e-18,5.65499024045356e-24,,,,,77.1195014188309,0.000509988826753553,9.41815912462202e-09,-1.2936207917071e-14,-9.33404990032974e-19,3.6718525217466e-24,,,,,0.102173950525668,0.00197350977181143,-2.28207850492453e-08,1.71609540998883e-13,-4.87319561864235e-19,-1.26384670910001e-24,,,,,work folder BHI-001
Baker Hughes,WJE1200,60,Baker Hughes ESP performance curve; digitized 2026-09-22,,1025,,,,3500,,,41142.1,,0,61964.2,242.0813,75.578,60.83066,,,,,,242.081335139898,-0.00114920292089556,-9.60066113213014e-08,3.77078069668431e-12,-5.47340185951291e-17,1.17293586221581e-22,,,,,37.0350759076511,0.000269639889295605,9.77810764487649e-09,6.355653873587e-13,-2.39911730083722e-17,1.74995843442731e-22,,,,,0.0304627328076776,0.00480377732265787,-6.05712323869173e-08,-3.03519547429908e-12,1.10816524586911e-16,-1.06632725573503e-21,,,,,work folder BHI-002
Baker Hughes,P410,60,Baker Hughes ESP performance curve; digitized 2026-09-22,,1025,,,,3500,,,40018.7,,0,66573.4,257.1257,73.76,67.3117,,,,,,257.125674864496,0.000139992437226391,-3.01849330679292e-07,1.32189118345795e-11,-2.32978922497992e-16,1.35384619592034e-21,,,,,43.1517807486565,0.000783380016130965,-5.96987930746709e-08,3.41290445748659e-12,-6.77853453882078e-17,4.24205843309916e-22,,,,,-1.24325033835008,0.0049845673362821,-1.33260474355586e-07,1.92367358333373e-12,-1.1390532687567e-17,-4.99796543292466e-23,,,,,work folder BHI-003
Baker Hughes,P340,60,Baker Hughes ESP performance curve; digitized 2026-09-22,,1025,,,,3500,,,33950.3,,0,55435.9,251.416,71.823,51.76832,,,,,,251.41600653134,-0.00114294555202454,-1.59416326216854e-07,5.6044455764655e-12,-8.349855479228e-17,2.5898033665167e-22,,,,,38.267325064533,0.000459982143464979,-4.99603196367214e-08,3.78776722200971e-12,-9.38521605489847e-17,7.07995724575991e-22,,,,,0.468722781267616,0.00428403380627348,5.24519413998624e-08,-9.73159586669397e-12,2.67402520322791e-16,-2.41631983349542e-21,,,,,work folder BHI-004
Baker Hughes,WJE1000,60,Baker Hughes ESP performance curve; digitized 2026-09-22,,1025,,,,3500,,,35139.6,,0,59675,251.0348,75.977,50.66131,,,,,,251.034839559754,-0.000504186375864549,-2.95232922280326e-07,1.38595212879192e-11,-2.73393716683729e-16,1.78657207070273e-21,,,,,37.2145918944021,0.000309627115623021,-2.18314569495094e-08,2.10329845229648e-12,-5.44105148733602e-17,3.96094163325854e-22,,,,,-0.470239625266913,0.00526991462131487,-9.42240099312974e-08,-1.38409814987719e-12,7.25775790815703e-17,-8.02418361050141e-22,,,,,work folder BHI-005
Baker Hughes,WJJ1200A,60,Baker Hughes ESP performance curve; digitized 2026-09-22,,1000,,,,3500,,,38868.4,,0,70047.2,213.2948,80.081,60.1048,,,,,,213.294788424229,-0.000382029438821866,4.91918317875429e-08,-3.25670776666591e-12,4.98740158800227e-17,-3.02136602989204e-22,,,,,31.2932636467946,0.00037124327525582,2.55847670774045e-08,-2.99191934221608e-13,-5.42568979304343e-18,6.40478925212036e-23,,,,,-0.244293148751481,0.0051107992405207,-8.97073439272946e-08,-5.84519350331013e-13,3.60445956644507e-17,-3.46530960319754e-22,,,,,work folder BHI-006
Baker Hughes,WJJ1200B,60,Baker Hughes ESP performance curve; digitized 2026-09-22,,1000,,,,3500,,,35757.7,,0,65991.9,183.957,79.924,48.34885,,,,,,183.957011603199,-0.000322812033489423,8.74563232943717e-08,-5.87221348737684e-12,1.04200281076775e-16,-6.64866783378121e-22,,,,,29.6564669248321,-0.000170578902919351,5.99630178950538e-08,-1.72360016778067e-12,1.96818445685057e-17,-8.98248870801691e-23,,,,,-0.295564073159156,0.00485120387934466,-4.66045352378527e-08,-2.49349141480864e-12,6.97354005041958e-17,-5.75839914526474e-22,,,,,work folder BHI-007
Baker Hughes,WJJ1200C,60,Baker Hughes ESP performance curve; digitized 2026-09-22,,1000,,,,3500,,,33344.3,,0,62451.8,161.7951,79.591,40.79817,,,,,,161.795096046039,-7.05331511052592e-07,6.12405690189489e-08,-5.05295505158313e-12,9.38004095040141e-17,-6.28319318446508e-22,,,,,28.1146908549251,-0.000401899321783203,6.03494941330069e-08,-1.5669576486834e-12,1.6012040141459e-17,-6.5885889335564e-23,,,,,-0.437753277493869,0.00459306811600978,5.96121033500553e-10,-4.79976617216497e-12,1.14428537805625e-16,-9.04855619992114e-22,,,,,work folder BHI-008
Baker Hughes,WJJ1000A,60,Baker Hughes ESP performance curve; digitized 2026-09-22,,1000,,,,3500,,,34805.7,,0,56573.3,228.7373,79.864,51.43498,,,,,,228.737327228764,-0.00159966207461567,1.27543684323391e-07,-8.77195312307992e-12,1.97388119599143e-16,-1.69186195439002e-21,,,,,27.9574980287906,0.000104228029091095,5.73879366383557e-08,-1.72684330382652e-12,1.91561073922696e-17,-9.73574067181244e-23,,,,,0.387033119959298,0.00588305475968353,-7.93846871849726e-08,-4.62237439623523e-12,1.74884586863326e-16,-1.77902057323794e-21,,,,,work folder BHI-009
Baker Hughes,WNE2100,60,Baker Hughes ESP performance curve; digitized 2026-09-22,,900,,,,3500,,,72329,,0,114165.1,137.4064,77.477,88.54329,,,,,,137.406424671418,-0.00132528573831366,6.90229554792665e-08,-1.087126800841e-12,6.21054685131345e-18,-1.66640451813188e-23,,,,,31.1753420908201,0.000468052884703866,1.70108099145711e-08,-1.98186579915725e-13,2.62030446591711e-19,1.18333217203397e-24,,,,,1.18596729201779,0.00287869286997344,-5.06915522217643e-08,5.29089494534133e-13,-2.05378698735143e-18,-5.41625611224202e-24,,,,,work folder BHI-012
Baker Hughes,WNE1600,60,Baker Hughes ESP performance curve; digitized 2026-09-22,,900,,,,3500,,,57261.5,,0,85711.5,128.008,77.594,59.26495,,,,,,128.008028721783,-0.000445758870050231,5.11945944525888e-09,8.20566323811688e-13,-2.20268627047612e-17,1.17725776468979e-22,,,,,28.0697630313138,0.00030420507812805,2.00391806454563e-08,-2.97941082884844e-13,1.93388178560683e-19,3.1354717512767e-24,,,,,0.46098256721983,0.00332918853788864,-6.51083524995723e-08,6.50660068922132e-13,1.79436875704725e-18,-6.73687951275632e-23,,,,,work folder BHI-013
Baker Hughes,WIE700,60,Baker Hughes ESP performance curve; digitized 2026-09-22,,875,,,,3500,,,26225.2,,0,44999.6,164.2761,75.107,29.06423,,,,,,164.276060766393,0.00120238821689739,-4.29258259809684e-07,2.52340830187452e-11,-6.67912581296078e-16,5.90832730282532e-21,,,,,19.0211380117154,5.48850201269442e-05,2.70401385377098e-08,2.90606069647561e-14,-3.52150686975486e-17,4.94938706885462e-22,,,,,-1.40544555438916,0.00792815891342002,-3.49838486231403e-07,8.85556439498279e-12,-9.88163517160089e-17,-3.0499235473969e-22,,,,,work folder BHI-014
Baker Hughes,WIE600,60,Baker Hughes ESP performance curve; digitized 2026-09-22,,875,,,,3500,,,21635,,0,33621.5,156.7198,74.738,21.16018,,,,,,156.719787097662,0.00126790651950705,-6.72690615076377e-07,4.67604568977322e-11,-1.39960910743429e-15,1.3320292029515e-20,,,,,13.5364547647979,0.000509285672333775,-5.75016664405249e-08,6.33046724646909e-12,-2.51233330151573e-16,3.04985577399e-21,,,,,0.182686692216194,0.00825556168212839,-1.10232113230704e-07,-2.41089465125068e-11,1.37587673971543e-15,-2.31548400992909e-20,,,,,work folder BHI-015
Baker Hughes,P240,60,Baker Hughes ESP performance curve; digitized 2026-09-22,,875,,,,3500,,,25418.5,,0,43639.3,169.039,73.004,28.87043,,,,,,169.039026844941,0.00192030586692887,-6.36997937254533e-07,3.79696020228166e-11,-9.7577722478704e-16,8.48893876561862e-21,,,,,18.7342036541342,0.000415660836481479,-3.34060254004982e-08,3.52719573180758e-12,-1.18254414851428e-16,1.18674641465098e-21,,,,,-0.976474510167208,0.00765447120169184,-2.9068174604206e-07,4.19629654327887e-12,4.13122954869359e-17,-1.78459663527727e-21,,,,,work folder BHI-016
Baker Hughes,P210,60,Baker Hughes ESP performance curve; digitized 2026-09-22,,875,,,,3500,,,21635,,0,33621.5,156.7198,74.738,21.16018,,,,,,156.719787097662,0.00126790651950705,-6.72690615076377e-07,4.67604568977322e-11,-1.39960910743429e-15,1.3320292029515e-20,,,,,13.5364547647979,0.000509285672333775,-5.75016664405249e-08,6.33046724646909e-12,-2.51233330151573e-16,3.04985577399e-21,,,,,0.182686692216194,0.00825556168212839,-1.10232113230704e-07,-2.41089465125068e-11,1.37587673971543e-15,-2.31548400992909e-20,,,,,work folder BHI-017
Baker Hughes,G470,60,Baker Hughes ESP performance curve; digitized 2026-09-22,,875,,,,3500,,,46585.6,,0,85632.2,142.8953,57.93,69.11628,,,,,,142.895274011846,-3.29508833104785e-05,-3.69956397914433e-08,1.2449614642366e-12,-1.82095500959082e-17,7.13300907801637e-23,,,,,32.1799221588094,0.000774973007927656,-2.14916661706962e-09,7.6235790735985e-14,-2.15150182264062e-19,-5.45211671278861e-24,,,,,0.238877458021385,0.00323906951454842,-7.67618864944495e-08,1.16115744188761e-12,-1.06494222072199e-17,2.8029464861615e-23,,,,,work folder BHI-018
Baker Hughes,G250,60,Baker Hughes ESP performance curve; digitized 2026-09-22,,875,,,,3500,,,24935.3,,0,42635.6,184.0287,58.66,44.54272,,,,,,184.028675479149,-1.76941303215447e-06,-7.42095565758053e-08,-1.52383825932633e-12,1.21128051076744e-16,-1.89411627975884e-21,,,,,28.8671378547701,0.00122821571150794,-1.14240213350217e-07,6.32194360761934e-12,-1.33445099539687e-16,1.00154240243977e-21,,,,,0.759529056753706,0.00371352799078398,7.28654267714267e-08,-1.04004845613745e-11,2.73410600724955e-16,-2.53670176226288e-21,,,,,work folder BHI-019
Baker Hughes,WIJ700A,60,Baker Hughes ESP performance curve; digitized 2026-09-22,,862,,,,3500,,,23138.5,,0,44638,168.1241,81.091,27.28964,,,,,,168.124051238204,-0.000708141084425213,-2.61371599325242e-08,1.90667747014279e-12,-1.63971903264676e-16,2.29765983603573e-21,,,,,14.4094350713239,0.000198484616768487,5.34902082498133e-08,-2.47008495922148e-12,4.21532309841547e-17,-2.7647953741074e-22,,,,,-0.992313809911053,0.00991979921124844,-5.61022853019887e-07,2.16800369189274e-11,-5.01436900612525e-16,4.23352594320651e-21,,,,,work folder BHI-020
Baker Hughes,WIJ700B,60,Baker Hughes ESP performance curve; digitized 2026-09-22,,862,,,,3500,,,21792.7,,0,42317.7,156.9212,80.501,23.98631,,,,,,156.921233803581,-0.00177802585338672,1.86459834096983e-07,-1.34063237476501e-11,2.81609125405298e-16,-2.23145487637469e-21,,,,,13.868307327564,8.22384365850585e-05,5.1323646012259e-08,-2.23361510810344e-12,3.71797678749226e-17,-2.67999084358751e-22,,,,,-0.100614341815088,0.00869370323310969,-2.89669549451037e-07,1.99272918619446e-12,7.37885954290645e-17,-1.74039396873724e-21,,,,,work folder BHI-021
Baker Hughes,WIJ700C,60,Baker Hughes ESP performance curve; digitized 2026-09-22,,862,,,,3500,,,20520.5,,0,39635.3,137.129,79.871,19.90165,,,,,,137.129013730504,-0.00114165822866387,1.30613085756041e-07,-1.17517731984674e-11,2.55600300032762e-16,-2.00635130283467e-21,,,,,14.0486486468589,-0.000866201435044566,1.74463602730906e-07,-9.65711253080133e-12,2.34036540072834e-16,-2.1680765227279e-21,,,,,-1.91971321595513,0.00998077816408999,-4.53215194342278e-07,1.10775300908231e-11,-1.64808426758915e-16,3.64752378941444e-22,,,,,work folder BHI-022
Baker Hughes,WIJ500A,60,Baker Hughes ESP performance curve; digitized 2026-09-22,,862,,,,3500,,,19219.6,,0,33373.5,169.4461,79.961,20.89183,,,,,,169.446148149795,-0.0026513624161378,1.8921474355726e-07,-1.38959644393645e-11,2.54806268862719e-16,-2.20929168445506e-21,,,,,12.6417241890188,-8.10748364216021e-06,8.22401631260893e-08,-4.87023255841404e-12,1.16803639013649e-16,-1.27143527827488e-21,,,,,-0.0470379736986217,0.010214614489462,-3.99805815571126e-07,-8.39897877612083e-14,4.32250019401308e-16,-1.02999259407116e-20,,,,,work folder BHI-023
Baker Hughes,WIJ500B,60,Baker Hughes ESP performance curve; digitized 2026-09-22,,862,,,,3500,,,17714,,0,33020,158.9281,80.54,17.93114,,,,,,158.928095141223,-0.00370003783491605,4.3639414246275e-07,-3.53221800250869e-11,9.45434582207262e-16,-9.29583293147288e-21,,,,,11.6749410964346,-7.5499121767333e-05,7.27953573416183e-08,-3.69829449896207e-12,5.92466382654755e-17,-3.01277781123065e-22,,,,,-0.128132386317787,0.0104244634863008,-3.60496172894109e-07,-4.20212237904558e-12,5.15868192231053e-16,-1.04971659302637e-20,,,,,work folder BHI-024
Baker Hughes,WH785,60,Baker Hughes ESP performance curve; digitized 2026-09-22,,675,,,,3500,,,28906.4,,0,45439.1,86.6084,77.819,20.91774,,,,,,86.6084151785626,-0.000155677606271381,-2.07225424673451e-07,2.25273359382383e-11,-7.57497286930421e-16,7.55801363320568e-21,,,,,10.5609632302212,-0.000271825266240502,8.0731208685258e-08,-3.23496641123951e-12,5.19199117756359e-17,-3.64536010076229e-22,,,,,-2.70218721543664,0.00898356350240362,-6.99501386975506e-07,3.41027298524204e-11,-7.5915921569728e-16,5.53280850032295e-21,,,,,work folder BHI-026
Baker Hughes,WH585,60,Baker Hughes ESP performance curve; digitized 2026-09-22,,675,,,,3500,,,20225.3,,0,33013.7,99.7691,71.924,15.12371,,,,,,99.7691355150103,-0.000686525359856787,-8.68625206904136e-08,1.02560196617985e-11,-4.87382239375325e-16,5.79823387304994e-21,,,,,7.6004175653958,-3.29244718535629e-05,7.17036198858261e-08,-3.81034360921983e-12,7.34241934347676e-17,-5.62520367810634e-22,,,,,-1.21452483415683,0.0114012121538134,-7.95552364616737e-07,2.98328383208679e-11,-4.42353008367125e-16,-1.42499389483476e-21,,,,,work folder BHI-027
Baker Hughes,WH550,60,Baker Hughes ESP performance curve; digitized 2026-09-22,,675,,,,3500,,,19386.4,,0,30915.1,99.7127,69.025,12.7366,,,,,,99.7127385356254,0.00074544263965108,-7.81957927374184e-07,7.44271559400719e-11,-2.81271248767695e-15,3.52244881739216e-20,,,,,8.61310810110421,0.000562743660442042,-8.53624559189953e-08,7.81868127538647e-12,-2.97358470340259e-16,3.77258658460319e-21,,,,,-0.809099567267893,0.00914224022753325,-5.78254336115345e-07,2.47244141075788e-11,-4.81827302085981e-16,-7.88557823358815e-22,,,,,work folder BHI-028
Baker Hughes,WH465,60,Baker Hughes ESP performance curve; digitized 2026-09-22,,675,,,,3500,,,15606.8,,0,28017.9,89.3682,76.706,9.89438,,,,,,89.3682171590264,-0.000985157939575741,-1.44654363088367e-07,2.40752554406901e-11,-1.47082804084002e-15,2.48242088958796e-20,,,,,5.0820102302182,0.000454319616821444,-4.44268293548173e-08,5.33728138817061e-12,-2.60640819924681e-16,4.01457395692246e-21,,,,,-0.0860413317923445,0.0124957206869047,-8.55243100520312e-07,3.79720001344196e-11,-1.00926818622141e-15,6.06816917546318e-21,,,,,work folder BHI-029
Baker Hughes,WH365,60,Baker Hughes ESP performance curve; digitized 2026-09-22,,675,,,,3500,,,12223.6,,0,23217.3,102.9459,74.985,10.34674,,,,,,102.94592961131,-0.000882590970898415,-4.00878583471154e-10,1.51840308131304e-11,-2.14246196293453e-15,5.19087803210211e-20,,,,,4.93891300919406,0.000210834960901049,4.68628997135981e-08,-2.32975078733367e-12,-1.29104515197562e-17,1.36274817211346e-21,,,,,-0.970769055190772,0.017069812812317,-1.75890745176245e-06,1.22502518938391e-10,-5.10095451530187e-15,7.42104470478172e-20,,,,,work folder BHI-030
Baker Hughes,WH290,60,Baker Hughes ESP performance curve; digitized 2026-09-22,,675,,,,3500,,,10309.2,,0,18719.5,108.1699,72.353,10.34312,,,,,,108.169883214793,-0.000756194163648167,3.09009984263709e-07,-2.28478335101774e-11,-1.26527633298736e-15,4.47300817526771e-20,,,,,4.06935039028947,0.000497827639219647,5.84271935498349e-08,-9.26909207868321e-12,6.23232421291777e-16,-1.67623734776051e-20,,,,,0.629319236847905,0.0180753535427588,-2.03507797024288e-06,1.59086440153321e-10,-7.65528040550939e-15,1.1879595391523e-19,,,,,work folder BHI-031
Baker Hughes,WH225,60,Baker Hughes ESP performance curve; digitized 2026-09-22,,675,,,,3500,,,8324.3,,0,15061.6,105.0878,70.036,7.33908,,,,,,105.087832796193,-0.000471090653661725,-2.85931371433168e-07,5.17032660015117e-11,-7.35787072153062e-15,2.17768585459766e-19,,,,,3.74575168843752,2.97405817051712e-05,2.37603133990672e-07,-4.54746684465559e-11,3.5786008124719e-15,-1.01851438921546e-19,,,,,-0.521079528220582,0.0230055138793788,-3.75094552501534e-06,4.42882299495531e-10,-3.00681898399232e-14,6.97569225610997e-19,,,,,work folder BHI-032
Baker Hughes,HC35000,60,Baker Hughes ESP performance curve; digitized 2026-09-22,,675,,,,3500,,,35830.3,,0,55440.2,91.284,73.968,29.93165,,,,,,91.2840325857866,4.69604682418571e-05,-2.2639414178602e-07,1.68841098569067e-11,-4.08659319615209e-16,3.02718017521631e-21,,,,,13.0057404602123,0.000399470589293184,-1.90836150044115e-08,1.75850857684077e-12,-4.40447492547561e-17,3.18613243297374e-22,,,,,-0.69264018307193,0.00591609210599701,-3.14907758113856e-07,1.14777312303502e-11,-1.92754337824793e-16,9.59983636421015e-22,,,,,work folder BHI-033
Baker Hughes,HC27000,60,Baker Hughes ESP performance curve; digitized 2026-09-22,,675,,,,3500,,,27811.7,,0,42778.5,83.0882,72.702,20.54722,,,,,,83.0881976004138,-0.000466492025803174,-1.16360976027508e-07,1.66624733177073e-11,-6.26740337668266e-16,6.59063398906939e-21,,,,,10.0123487600043,-0.000160572682157055,6.52910254531363e-08,-2.14376638195161e-12,1.74813500243361e-17,9.41657359149445e-24,,,,,-1.40759174541257,0.00804011894506966,-5.46539810307466e-07,2.40211893239668e-11,-4.83390102875754e-16,2.74673756279222e-21,,,,,work folder BHI-034
Baker Hughes,HC20000L,60,Baker Hughes ESP performance curve; digitized 2026-09-22,,675,,,,3500,,,17391.8,,0,31315.9,95.5883,72.991,12.66571,,,,,,95.5882713180504,-0.00259581786185462,3.58789886054075e-07,-2.54548440533669e-11,6.26006140493751e-16,-6.19363472545644e-21,,,,,7.14977926828145,-7.10361773397613e-05,7.34867976629304e-08,-4.6855987321886e-12,1.22685787635384e-16,-1.28972293881286e-21,,,,,-0.509866470554343,0.0106456908431595,-6.03350875021434e-07,1.96357609554448e-11,-3.51903492825325e-16,-1.55826971850734e-22,,,,,work folder BHI-035
Baker Hughes,HC20000,60,Baker Hughes ESP performance curve; digitized 2026-09-22,,675,,,,3500,,,20205,,0,32946.5,102.0303,75.58,14.69154,,,,,,102.030334533258,-0.000711107498916664,-8.82709062207123e-08,1.05006946298542e-11,-5.01386391110203e-16,5.98776418687255e-21,,,,,7.40004932934386,-2.87765629616135e-05,6.93716276297441e-08,-3.70175406412249e-12,7.16877079177819e-17,-5.52665393850648e-22,,,,,-0.998896692026605,0.011937625351249,-8.3159517227613e-07,3.10454883699116e-11,-4.53440127947272e-16,-1.67410017370655e-21,,,,,work folder BHI-036
Baker Hughes,HC16000,60,Baker Hughes ESP performance curve; digitized 2026-09-22,,675,,,,3500,,,15600.4,,0,28012.5,89.3608,76.706,9.89432,,,,,,89.3607706085641,-0.00098814991481367,-1.43817314630637e-07,2.39980246013587e-11,-1.46830942443213e-15,2.47983347899647e-20,,,,,5.08552685168963,0.000453838721292518,-4.43836328339323e-08,5.33704191505096e-12,-2.60771872867365e-16,4.01818082122971e-21,,,,,0.0139546986945902,0.0124824957820349,-8.5480010002245e-07,3.79964189468372e-11,-1.01145803012293e-15,6.10625961598635e-21,,,,,work folder BHI-037
Baker Hughes,HC12500,60,Baker Hughes ESP performance curve; digitized 2026-09-22,,675,,,,3500,,,12407.3,,0,23258.8,102.8722,77.358,10.06684,,,,,,102.872245396189,-0.000860889502677004,-5.83220682920442e-09,1.57613907977082e-11,-2.16581601194311e-15,5.22674380084252e-20,,,,,4.80012848302967,0.00046274214856816,-1.2912004665921e-09,-6.11604761698214e-16,-7.44524335414977e-18,-3.34333614752216e-22,,,,,0.0578619301379035,0.0152466405725041,-1.38041361237649e-06,9.86094347345751e-11,-4.61493940748539e-15,7.36442139613406e-20,,,,,work folder BHI-038
Baker Hughes,HC10000,60,Baker Hughes ESP performance curve; digitized 2026-09-22,,675,,,,3500,,,10587.2,,0,18712,108.1785,75.218,10.09875,,,,,,108.178462485028,-0.000783337100160001,3.21105890883574e-07,-2.48502804833277e-11,-1.12736083853572e-15,4.14330855487382e-20,,,,,4.06647927809255,0.000239280851163015,1.23999215473582e-07,-1.53173903639231e-11,7.98688798494929e-16,-1.69705849329982e-20,,,,,-0.0769277765233909,0.020477344877828,-2.6459751887757e-06,2.22571371152568e-10,-1.02829160660374e-14,1.51471915570999e-19,,,,,work folder BHI-039
Baker Hughes,HC7800,60,Baker Hughes ESP performance curve; digitized 2026-09-22,,675,,,,3500,,,8242.1,,0,14992.3,105.1092,73.287,6.99471,,,,,,105.109235818929,-0.000520781948036025,-2.57850336069398e-07,4.58902746664536e-11,-6.85210475147653e-15,2.00783316160002e-19,,,,,3.74693737502284,-0.000171720845902702,2.83730568433688e-07,-5.06151039153728e-11,3.88559650045099e-15,-1.10500156262198e-19,,,,,-1.08467522761684,0.0247648226845267,-3.98227906997181e-06,4.48897524401112e-10,-2.94133719285811e-14,6.62002913223891e-19,,,,,work folder BHI-040
Baker Hughes,G200,60,Baker Hughes ESP performance curve; digitized 2026-09-22,,562,,,,3500,,,19558.6,,0,29064.4,60.0802,55.271,13.58047,,,,,,60.0801754887514,0.0022773383502483,-7.1140326839664e-07,5.74717929064803e-11,-1.69292831579917e-15,1.30977856020471e-20,,,,,6.36679950072083,0.000424062828692717,-1.00004163284862e-08,-1.21878390718172e-12,1.4954908287124e-16,-3.50104686089153e-21,,,,,-0.236608712141397,0.0074107062371469,-4.92249787234006e-07,1.90121700310939e-11,-1.4884453590602e-16,-7.54569334658111e-21,,,,,work folder BHI-041
Baker Hughes,P200,60,Baker Hughes ESP performance curve; digitized 2026-09-22,,562,,,,3500,,,19214.3,,0,27883.3,58.7501,70.277,10.55111,,,,,,58.7501115868841,0.00055213906506007,-4.16307088630369e-07,4.71976573379402e-11,-1.83409357191077e-15,1.98724681565859e-20,,,,,4.83423233840308,0.000130980351522394,1.35078573817407e-08,2.84600020685377e-13,-3.5378584197032e-17,3.88128846883024e-22,,,,,-0.750453994602132,0.0101105819015096,-7.36581380582083e-07,2.7903948540107e-11,-1.50296573296639e-17,-1.80213476229553e-20,,,,,work folder BHI-042
Baker Hughes,P155,60,Baker Hughes ESP performance curve; digitized 2026-09-22,,562,,,,3500,,,15888.2,,0,26084.7,67.6261,72.549,8.23837,,,,,,67.6261125699279,-0.00208211974489427,9.08066673166142e-08,1.15646828932707e-11,-1.17427225127162e-15,2.1799850724979e-20,,,,,5.23519569121364,-0.000164498608223833,4.77524847610642e-08,-1.18161006716222e-12,-5.12723717970287e-17,1.54945096099124e-21,,,,,-1.03524275130032,0.0113173930745355,-7.20277618754006e-07,2.7015337201232e-11,-3.54642322676e-16,-1.00326711269307e-20,,,,,work folder BHI-043
Baker Hughes,P110,60,Baker Hughes ESP performance curve; digitized 2026-09-22,,562,,,,3500,,,10325.3,,0,18459,70.0178,74.276,5.51248,,,,,,70.0177611740852,-0.00241809677069506,5.34299043810653e-07,-6.68464745782269e-11,2.74656732979212e-15,-4.94478403848544e-20,,,,,3.51166900733471,0.000261715858599023,-5.21302342050754e-08,9.76738838323758e-12,-6.64476752644262e-16,1.41172793235244e-20,,,,,1.13568138186234,0.0117555330416556,4.24878785177247e-07,-1.82505805492411e-10,1.28527791107965e-14,-3.29927636127278e-19,,,,,work folder BHI-044
Baker Hughes,G110LS,60,Baker Hughes ESP performance curve; digitized 2026-09-22,,538,,,,3500,,,10253.2,,0,18392.1,59.9835,62.733,5.5922,,,,,,59.983457009962,-1.58109264319012e-05,-6.98306974416057e-07,1.30167180861594e-10,-9.43375385947431e-15,2.11976755694354e-19,,,,,2.70796924492524,0.000125756356964091,4.69073204355842e-08,-4.9640724475446e-12,2.23669827399534e-16,-4.0387093474522e-21,,,,,-0.783927753452211,0.0192776290882952,-3.04934556064873e-06,3.13607032144031e-10,-1.69584029855801e-14,3.1607715678595e-19,,,,,work folder BHI-045
Baker Hughes,P100LS,60,Baker Hughes ESP performance curve; digitized 2026-09-22,,538,,,,3500,,,9931.2,,0,16705.7,60.1986,72.876,4.28266,,,,,,60.1986027520679,-0.000225999377919553,-2.62294574918504e-07,2.56970402998047e-11,-1.73625143627525e-15,2.47240865974779e-20,,,,,2.71487751433604,0.000198355437614203,-6.20114237101964e-09,9.90614594326948e-13,-1.0462271419809e-16,2.65926736480069e-21,,,,,0.223724906800129,0.0160714217156577,-1.10618260645368e-06,1.2259601843193e-11,2.88804007548517e-15,-1.85876231861085e-19,,,,,work folder BHI-046
Baker Hughes,P100,60,Baker Hughes ESP performance curve; digitized 2026-09-22,,538,,,,3500,,,9931.2,,0,16705.7,60.1986,72.876,4.28266,,,,,,60.1986027520679,-0.000225999377919553,-2.62294574918504e-07,2.56970402998047e-11,-1.73625143627525e-15,2.47240865974779e-20,,,,,2.71487751433604,0.000198355437614203,-6.20114237101964e-09,9.90614594326948e-13,-1.0462271419809e-16,2.65926736480069e-21,,,,,0.223724906800129,0.0160714217156577,-1.10618260645368e-06,1.2259601843193e-11,2.88804007548517e-15,-1.85876231861085e-19,,,,,work folder BHI-047
Baker Hughes,GINPSHH,60,Baker Hughes ESP performance curve; digitized 2026-09-22,,538,,,,3500,,,8057.9,,0,12004.9,47.4143,56.703,2.35967,,,,,,47.4143449154804,-0.000495816445810625,-1.61557592845541e-06,3.2588363093171e-10,-2.56973754775037e-14,6.46663183386209e-19,,,,,2.82393781599174,-0.000255595231128732,1.10314240668076e-07,-2.40644048341445e-11,2.34784871774704e-15,-8.46361574546187e-20,,,,,-0.65418044777681,0.0150065928012265,-1.57634930970708e-06,7.71282179054393e-11,6.99332438387069e-15,-9.13968817983021e-19,,,,,work folder BHI-048
Baker Hughes,P75LS,60,Baker Hughes ESP performance curve; digitized 2026-09-22,,538,,,,3500,,,7608.8,,0,12164.9,63.0476,75.122,3.07838,,,,,,63.0476046174566,0.000712838736862694,-1.29579605261232e-06,2.55232253528917e-10,-2.55315418123884e-14,8.24629170968719e-19,,,,,2.16880133987465,0.000218046908549618,1.49762868741842e-08,-7.23468584835384e-12,5.92227829739985e-16,-1.62573806807462e-20,,,,,-0.433358172972902,0.0235891734948728,-4.1139090065949e-06,5.93504586258838e-10,-4.43288359749684e-14,8.38232187544086e-19,,,,,work folder BHI-049
Baker Hughes,P75,60,Baker Hughes ESP performance curve; digitized 2026-09-22,,538,,,,3500,,,7608.8,,0,12164.9,63.0476,75.122,3.07838,,,,,,63.0476046174566,0.000712838736862694,-1.29579605261232e-06,2.55232253528917e-10,-2.55315418123884e-14,8.24629170968719e-19,,,,,2.16880133987465,0.000218046908549618,1.49762868741842e-08,-7.23468584835384e-12,5.92227829739985e-16,-1.62573806807462e-20,,,,,-0.433358172972902,0.0235891734948728,-4.1139090065949e-06,5.93504586258838e-10,-4.43288359749684e-14,8.38232187544086e-19,,,,,work folder BHI-050
Baker Hughes,G68LS,60,Baker Hughes ESP performance curve; digitized 2026-09-22,,538,,,,3500,,,6825.7,,0,13761.1,67.5653,60.509,3.95684,,,,,,67.5652769035575,0.00757984632816029,-3.93372390303935e-06,5.47340205224203e-10,-3.38786894183827e-14,7.32691882097704e-19,,,,,3.00671462170801,0.000518195313997915,-1.93412594024663e-07,3.43656682389684e-11,-2.53792699449077e-15,6.77973580885829e-20,,,,,0.0567197662286958,0.0158612168989508,1.08950169527165e-07,-3.4639783735293e-10,3.42171798833242e-14,-1.14755673121348e-18,,,,,work folder BHI-051
Baker Hughes,P62LS,60,Baker Hughes ESP performance curve; digitized 2026-09-22,,538,,,,3500,,,7012,,0,10493.2,63.5881,76.236,2.66736,,,,,,63.5881417139886,-0.00347166613219414,1.38134952539323e-07,9.64708180837446e-11,-2.43072707308528e-14,1.10725480657386e-18,,,,,2.18089311155813,0.000450533504142814,-1.23022370506731e-07,1.7803774642762e-11,-1.44602661721177e-15,4.32842866310045e-20,,,,,0.528098492220863,0.0188351464214054,-2.33312505594226e-06,3.67700283219364e-10,-2.44919314455224e-14,-5.43307698533511e-19,,,,,work folder BHI-052
Baker Hughes,P62,60,Baker Hughes ESP performance curve; digitized 2026-09-22,,538,,,,3500,,,7012,,0,10493.2,63.5881,76.236,2.66736,,,,,,63.5881417139886,-0.00347166613219414,1.38134952539323e-07,9.64708180837446e-11,-2.43072707308528e-14,1.10725480657386e-18,,,,,2.18089311155813,0.000450533504142814,-1.23022370506731e-07,1.7803774642762e-11,-1.44602661721177e-15,4.32842866310045e-20,,,,,0.528098492220863,0.0188351464214054,-2.33312505594226e-06,3.67700283219364e-10,-2.44919314455224e-14,-5.43307698533511e-19,,,,,work folder BHI-053
Baker Hughes,P47,60,Baker Hughes ESP performance curve; digitized 2026-09-22,,538,,,,3500,,,4766.7,,0,7818.8,70.9152,65.818,2.79371,,,,,,70.9151656798312,0.00206276978196065,-3.15359438925628e-06,8.07057205097477e-10,-1.06060138821879e-13,4.28899625822137e-18,,,,,1.856215080366,0.00032788572339182,-1.10819589861092e-07,3.57924161922117e-11,-4.92895746066355e-15,2.27824036255017e-19,,,,,0.147546065621171,0.0273111395184948,-2.49897311418597e-06,-2.77247288884067e-10,7.36076804891014e-14,-6.38258420713157e-18,,,,,work folder BHI-054
Baker Hughes,P37,60,Baker Hughes ESP performance curve; digitized 2026-09-22,,538,,,,3500,,,3928.2,,0,6048.2,63.4783,68.358,2.29027,,,,,,63.4782956947066,0.0037798770931419,-1.55250311232378e-06,3.83849127624274e-10,-1.41696977345254e-13,1.09217947136171e-17,,,,,1.24705793377821,0.000145464280626685,1.948156653244e-07,-6.63975580137578e-11,7.18769617171975e-15,-2.36398776323715e-19,,,,,-0.676630711228256,0.0432815893130833,-1.3716833983566e-05,3.4012712639921e-09,-4.71390395828328e-13,1.79082771503671e-17,,,,,work folder BHI-055
Baker Hughes,P31,60,Baker Hughes ESP performance curve; digitized 2026-09-22,,538,,,,3500,,,3293,,0,5363.2,66.1788,68.259,1.90528,,,,,,66.1788427369811,0.00304272896103835,-4.94620015457576e-06,3.2132370664322e-09,-1.005245947701e-12,8.91826845956135e-17,,,,,1.03501642804151,0.000482107758923347,4.16228292067805e-08,-7.12239976663277e-11,1.5091932982087e-14,-1.03297890149977e-18,,,,,-0.460926867733903,0.0513123760714645,-2.84297121893835e-05,1.27673718642465e-08,-2.71440078944805e-12,1.84163905459576e-16,,,,,work folder BHI-056
Baker Hughes,G31,60,Baker Hughes ESP performance curve; digitized 2026-09-22,,538,,,,3500,,,3247.1,,0,5652.6,62.5553,47.964,2.86326,,,,,,62.5553165671666,0.00140343691203669,3.36179918117991e-06,-2.77671667671144e-09,6.28392126312632e-13,-5.51160677884111e-17,,,,,1.1020151546184,0.000322370114009269,2.46086910550885e-07,-8.60077857717734e-11,1.17420345985984e-14,-6.67458698420266e-19,,,,,0.185806146978877,0.0412730062209131,-1.27267230001409e-05,1.25532832967947e-09,1.747991898723e-13,-4.00672317039615e-17,,,,,work folder BHI-057
Baker Hughes,P23,60,Baker Hughes ESP performance curve; digitized 2026-09-22,,538,,,,3500,,,2265.1,,0,4143.5,71.1714,65.664,1.45541,,,,,,71.1714175568246,0.00234806196075536,-1.81977402689253e-05,1.60201034349933e-08,-5.70312862898111e-12,6.3284939509351e-16,,,,,0.910098518037438,5.6921224542424e-05,1.55180973354205e-07,-1.30619647448187e-11,-1.46380910343752e-14,2.63838496324297e-18,,,,,-1.67323156063043,0.0766141422667316,-5.14957585415724e-05,2.79845812444339e-08,-8.17822935860647e-12,8.06125524594585e-16,,,,,work folder BHI-058
Baker Hughes,P17,60,Baker Hughes ESP performance curve; digitized 2026-09-22,,538,,,,3500,,,1715.6,,0,2990.9,70.3689,70.909,1.00748,,,,,,70.3689078798087,0.0167007730254677,-3.04869509714942e-05,1.91052194787625e-08,-7.43238692175969e-12,1.01725930891322e-15,,,,,0.74816332109318,8.23771696447573e-05,1.671456344441e-07,-1.29481198055971e-10,4.01708591085785e-14,-4.58528916644665e-18,,,,,-0.697292068465259,0.0817342255629213,-3.63379622600423e-05,1.95122798540033e-08,-9.1230360755574e-12,1.26773986928995e-15,,,,,work folder BHI-059
Baker Hughes,P11,60,Baker Hughes ESP performance curve; digitized 2026-09-22,,538,,,,3500,,,1175.2,,0,1745.9,59.1273,54.825,0.71772,,,,,,59.1272901037922,0.00477099828441365,-1.7686292912737e-05,1.50074099285742e-08,-9.93153167340186e-12,-7.19845646529944e-17,,,,,0.456941852598663,0.000175507294596379,5.01407343866348e-07,-5.79339010932446e-10,1.58239291485944e-13,2.26856334686812e-19,,,,,-0.195871015419272,0.0994261596171543,-6.48551334788785e-05,2.9271412260942e-09,3.51117675201992e-11,-1.96189293321856e-14,,,,,work folder BHI-060
Baker Hughes,P60,60,Baker Hughes ESP performance curve; digitized 2026-09-22,,400,,,,3500,,,5645.9,,0,8306.4,28.6933,67.641,1.3116,,,,,,28.6932502212523,-0.00161704070638111,-9.102771364215e-07,5.06594923911332e-10,-7.7171738953395e-14,3.14948684823077e-18,,,,,0.699390169657638,5.84165832627518e-05,1.91109077615261e-09,9.22299863798227e-12,-2.01312181855668e-15,1.05833193459218e-19,,,,,-0.322218256175816,0.0317515503335039,-6.63841933241051e-06,5.64060630016715e-10,5.37272754100216e-14,-9.7269859650047e-18,,,,,work folder BHI-061
Baker Hughes,P43,60,Baker Hughes ESP performance curve; digitized 2026-09-22,,400,,,,3500,,,4507.1,,0,6632.3,28.1577,71.308,0.95378,,,,,,28.1576682974013,-0.00382419560246917,7.3877766947946e-07,2.65327139818578e-10,-1.00645934267198e-13,6.38950892835877e-18,,,,,0.508275018698259,-0.00012147992070381,2.68474007796268e-07,-9.57980306380221e-11,1.36318016053229e-14,-7.0703884538272e-19,,,,,-1.61224171563483,0.0545790181662851,-2.84795706750221e-05,8.6676335177051e-09,-1.14140943663748e-12,4.45657695807062e-17,,,,,work folder BHI-062
Baker Hughes,G42,60,Baker Hughes ESP performance curve; digitized 2026-09-22,,400,,,,3500,,,4091.2,,0,7786.3,30.7481,59.198,1.29069,,,,,,30.7480831291395,0.00173982338432115,-1.80597952995166e-06,4.61771495375107e-10,-5.87574396712741e-14,2.20694328916104e-18,,,,,0.701515710813172,0.000102986831292044,8.23727360982173e-09,2.05008967064472e-12,-4.14392810082433e-16,4.94158817884574e-21,,,,,-0.235924714069448,0.0342820067313099,-5.9639487203394e-06,1.09119461484854e-10,7.37734860152159e-14,-7.97212751637208e-18,,,,,work folder BHI-063
Baker Hughes,P35,60,Baker Hughes ESP performance curve; digitized 2026-09-22,,400,,,,3500,,,3824.2,,0,6096.1,30.9934,69.214,0.81702,,,,,,30.9934164739251,0.00339886694248896,-5.01108749843938e-06,1.62640829338575e-09,-2.36050547694565e-13,1.09285922117099e-17,,,,,0.529168239639002,0.000156638847621801,-4.3981177859742e-08,8.1893119992884e-12,-2.34827779949172e-16,-9.2609979150397e-20,,,,,0.448240076415161,0.0413763846078239,-6.27289386376507e-06,-1.15161098756063e-09,5.37433603271839e-13,-5.90110813118971e-17,,,,,work folder BHI-064
Baker Hughes,GINPSHL,60,Baker Hughes ESP performance curve; digitized 2026-09-22,,400,,,,3500,,,3471.3,,0,5037.8,26.8007,50.468,0.63206,,,,,,26.8006554952833,-0.00384749161760624,2.35799391412513e-07,-3.80967740270913e-10,1.46827184267894e-13,-1.82710198399312e-17,,,,,0.758514488550217,-9.73781170463036e-05,4.90826314602401e-08,-1.12141725656285e-11,4.33748386778846e-16,5.20292893521958e-20,,,,,0.279152816998042,0.0222574300133719,7.15100585771902e-06,-7.5684489614751e-09,2.18029637664999e-12,-2.2467352596928e-16,,,,,work folder BHI-065
Baker Hughes,P30,60,Baker Hughes ESP performance curve; digitized 2026-09-22,,400,,,,3500,,,2991.6,,0,4712.6,31.4705,65.958,0.71488,,,,,,31.4705302583525,0.00461855518055095,-3.77439412723183e-06,7.03250583489142e-11,1.9201750752021e-13,-3.07523704374802e-17,,,,,0.443203496428115,0.000150170846420813,3.04135625224369e-08,-2.91037646556439e-11,4.56584249825872e-15,-1.51285487458172e-19,,,,,0.178933403801238,0.0519247984562923,-1.12145166022299e-05,-2.03339317811885e-09,1.46738663143068e-12,-2.18196007484568e-16,,,,,work folder BHI-066
Baker Hughes,P29,60,Baker Hughes ESP performance curve; digitized 2026-09-22,,400,,,,3500,,,3016.9,,0,4738.6,35.1146,55.954,0.79059,,,,,,35.1146294705409,0.00552443233134671,-8.18061741949446e-06,1.87924554073777e-09,-2.86034569320718e-14,-2.64324293455357e-17,,,,,0.626105712093426,0.0002408094510889,-9.21937758850003e-08,-6.02509419594174e-12,8.86704027142397e-15,-1.16838344083004e-18,,,,,0.814091286364182,0.0362607255848585,-3.00682248832975e-07,-5.89964694557873e-09,2.05631941627635e-12,-2.39545312796293e-16,,,,,work folder BHI-067
Baker Hughes,P22,60,Baker Hughes ESP performance curve; digitized 2026-09-22,,400,,,,3500,,,2370.9,,0,3717.4,34.1961,61.385,0.75116,,,,,,34.1960872111621,0.00136552117158739,-1.73582365036962e-06,2.85064309991227e-10,-1.6609391149693e-13,2.4826902017432e-18,,,,,0.38446703985642,0.000281669664947849,-3.09018688861605e-08,-1.76842847417349e-11,3.52342844316705e-15,-4.08980866712762e-20,,,,,0.310921749544001,0.0614590861683802,-3.105999541118e-05,1.16584984791325e-08,-2.03939822525024e-12,-1.31003708581052e-17,,,,,work folder BHI-068
Baker Hughes,G22,60,Baker Hughes ESP performance curve; digitized 2026-09-22,,400,,,,3500,,,2122.7,,0,4137.9,31.8174,57.006,0.65413,,,,,,31.8173731348686,-0.00551716477162906,1.23044332215727e-06,7.29650103788551e-10,-5.98463771177465e-13,7.72205750802905e-17,,,,,0.376713719290658,-9.29220075132337e-05,2.72523124092032e-07,-1.17841078321773e-10,2.12243425341196e-14,-1.32483745330678e-18,,,,,-1.26545021019255,0.0796511634164478,-4.96954668927196e-05,1.98669932640974e-08,-4.59176212228916e-12,3.78750516856977e-16,,,,,work folder BHI-069
Baker Hughes,P18,60,Baker Hughes ESP performance curve; digitized 2026-09-22,,400,,,,3500,,,1893.1,,0,3149.8,32.7157,73.711,0.36283,,,,,,32.7157192236402,-0.0056352206109289,-4.65068931419202e-06,4.91900849296585e-09,-1.93819590303343e-12,2.2004154681523e-16,,,,,0.306185916790508,3.14009161113772e-05,-5.36228623555255e-08,6.99196457187513e-11,-2.90597481330959e-14,3.62883364912152e-18,,,,,0.23285959372933,0.0767688055453722,-1.35350038467025e-05,-1.15102286907673e-08,6.83528270207885e-12,-1.35905208403288e-15,,,,,work folder BHI-070
Baker Hughes,P16,60,Baker Hughes ESP performance curve; digitized 2026-09-22,,400,,,,3500,,,1690.5,,0,2853,36.058,60.987,0.57172,,,,,,36.0579577744817,-0.00262703113699502,1.37244319930191e-06,1.83749764270162e-10,-1.5508183335304e-12,3.10761310354738e-16,,,,,0.289256534660815,0.00030131157763683,3.77914519922796e-08,-1.91521048019455e-10,9.78501203506448e-14,-1.51224819847704e-17,,,,,0.257784163121208,0.0878521875892452,-8.51109690076735e-05,6.96930666399581e-08,-2.86623364470876e-11,3.82689464464931e-15,,,,,work folder BHI-071
Baker Hughes,G12,60,Baker Hughes ESP performance curve; digitized 2026-09-22,,400,,,,3500,,,1177.3,,0,2171.7,38.0293,47.285,0.60259,,,,,,38.0292523403248,-0.00843158525440775,2.58541846208963e-05,-2.93799995809013e-08,1.07815391146688e-11,-1.66813293077485e-15,,,,,0.253535749160834,0.00035602895329093,-6.32460893267954e-08,1.09039053781299e-11,8.10901465008485e-15,-6.99355786923215e-18,,,,,0.982570366360285,0.0901748684800599,-6.11018858452515e-05,2.14970235250438e-08,-4.81368617101509e-12,-4.42837467217423e-16,,,,,work folder BHI-072
Baker Hughes,P12,60,Baker Hughes ESP performance curve; digitized 2026-09-22,,400,,,,3500,,,1240.7,,0,2035.7,36.1688,63.646,0.45392,,,,,,36.1688066320114,0.000242836317305115,4.36911917851092e-06,-2.62980722919006e-09,-4.64579875659681e-12,1.53285953711764e-15,,,,,0.211119092555017,0.000229397785727686,3.40874352573496e-07,-6.73823838813039e-10,3.99519898516927e-13,-7.69770800749446e-17,,,,,0.158523486135138,0.126716655780492,-0.00016830469575756,1.88265192457684e-07,-1.06889925239106e-10,2.00926964175743e-14,,,,,work folder BHI-073
Baker Hughes,P10,60,Baker Hughes ESP performance curve; digitized 2026-09-22,,400,,,,3500,,,962.6,,0,1759.8,40.1357,61.024,0.37921,,,,,,40.1357373568727,-0.016642874445988,6.22235850166667e-05,-8.89381837057337e-08,4.25619319511493e-11,-7.53009921945352e-15,,,,,0.225698665942158,-0.000389217993764785,2.14226479179728e-06,-2.91830079944637e-09,1.65640546607577e-12,-3.34009788270305e-16,,,,,-2.30013608870649,0.198606678010265,-0.000336617225466113,3.87577041083524e-07,-2.37336894669307e-10,5.09766890006175e-14,,,,,work folder BHI-074
Baker Hughes,P8,60,Baker Hughes ESP performance curve; digitized 2026-09-22,,400,,,,3500,,,788.3,,0,1538.9,37.058,58.904,0.3337,,,,,,37.0580031651945,-0.00254427377099787,5.10696148606411e-05,-1.10603709567632e-07,6.67021656611315e-11,-1.44990623492901e-14,,,,,0.170493555939498,0.000151656951651161,3.25884730016647e-07,-5.53403163128904e-10,3.54179290465857e-13,-8.0587311055223e-17,,,,,0.38836866016856,0.153208616801445,-0.00012311511784965,5.80221048366823e-08,-4.6134048975177e-11,1.19564632001797e-14,,,,,work folder BHI-075
Baker Hughes,P6,60,Baker Hughes ESP performance curve; digitized 2026-09-22,,400,,,,3500,,,585.4,,0,1101.3,36.5801,54.912,0.26199,,,,,,36.5801012492322,0.0159310728168905,-1.4494671565315e-05,-4.34723238328417e-08,4.27870065908014e-12,9.37263832236286e-15,,,,,0.150297234579072,0.000146268144855466,4.82781381588547e-07,-1.32654352812164e-09,1.37088127812753e-12,-4.9834784553475e-16,,,,,-0.0209480249335741,0.186876359360342,-0.000220820503557702,2.5958359408643e-07,-3.41352088197324e-10,1.34132820519724e-13,,,,,work folder BHI-076
Baker Hughes,P4,60,Baker Hughes ESP performance curve; digitized 2026-09-22,,400,,,,3500,,,454,,0,838.3,38.9426,49.248,0.2221,,,,,,38.9426031808008,0.00656228606894631,-6.73214937761214e-05,1.23697159542093e-07,-1.9146727005846e-10,5.92676027757799e-14,,,,,0.129102410164544,0.000174383454490953,-1.70956930643593e-07,1.37781484331255e-09,-2.55545004617927e-12,1.48805846952334e-15,,,,,-0.0255402886674219,0.226598333467192,-0.000278399195862542,-1.93268614671347e-08,2.49924062691774e-10,-2.60739139704684e-13,,,,,work folder BHI-077
Baker Hughes,P4L,60,Baker Hughes ESP performance curve; digitized 2026-09-22,,400,,,,3500,,,437.5,,0,780.9,37.9611,44.26,0.2129,,,,,,37.9611403908938,0.0128573222524327,-0.000155964621882749,3.48275744520787e-07,-4.40240645373132e-10,1.54728110011263e-13,,,,,0.149994921672067,9.03575636942403e-05,1.89761251464442e-07,-1.91210761061432e-10,1.23442409409053e-13,-9.06255393465789e-17,,,,,-0.0369975559669129,0.193979104089883,-0.000167275397636012,-2.39416099511027e-07,4.96502771826388e-10,-4.17574978032596e-13,,,,,work folder BHI-078
Baker Hughes,G4,60,Baker Hughes ESP performance curve; digitized 2026-09-22,,400,,,,3500,,,397.3,,0,830.3,38.3175,37.935,0.23659,,,,,,38.3174990940364,-0.0155371717041191,8.78626461839176e-06,1.12792453069822e-07,-5.7969134990452e-10,4.55362623168444e-13,,,,,0.166749718678822,0.000282983944807187,-1.36161176606593e-06,4.61304278958777e-09,-5.59203464827384e-12,2.26028203429621e-15,,,,,0.29130862024779,0.152233920128375,-7.70501423208117e-05,-8.69960429431005e-09,-6.4757466377083e-10,6.06475435973451e-13,,,,,work folder BHI-079
Baker Hughes,P3,60,Baker Hughes ESP performance curve; digitized 2026-09-22,,400,,,,3500,,,334.3,,0,577.2,23.4088,41.251,0.1113,,,,,,23.4088008237162,6.07400856133481e-05,2.67304187954038e-05,-3.09588945404624e-07,3.46271307785048e-10,-1.20584532835849e-13,,,,,0.0719713409544468,9.31288375973541e-05,-6.90698513732286e-08,1.90840024072925e-09,-6.05816024187704e-12,4.85818018806394e-15,,,,,-0.0403367830698329,0.236867643240341,-0.000177856463403185,-1.12432207112488e-06,2.67192438180918e-09,-2.24737077233839e-12,,,,,work folder BHI-080
Baker Hughes,P1-5,60,Baker Hughes ESP performance curve; digitized 2026-09-22,,400,,,,3500,,,160.1,,0,279.9,37.5708,19.884,0.1477,,,,,,37.5707633910474,-0.0226160107903063,-0.000419981397617753,8.89913292833189e-07,-2.96326341798938e-09,1.75075101014217e-13,,,,,0.137075752867694,3.77940923639971e-05,4.43894485882522e-07,-7.86811024826295e-09,6.1179206612411e-11,-1.39814592792074e-13,,,,,0.205784605522915,0.185225385106393,0.000265174313886189,-6.74187014942074e-06,2.24062692717088e-08,-3.63935597139929e-11,,,,,work folder BHI-081
Baker Hughes,DC2500,60,Baker Hughes ESP performance curve; digitized 2026-09-22,,338,,,,3500,,,2409.8,,0,3722.5,17.6041,63.032,0.29195,,,,,,17.604057850703,0.00066103159479171,-8.69725283755061e-06,6.4837070480791e-09,-1.88620607679134e-12,1.79326833507913e-16,,,,,0.178078396514471,0.000121971490616514,-1.70892042262701e-07,1.32465119080802e-10,-4.09699811884649e-14,4.18675889806846e-18,,,,,0.216131172175004,0.0666419675700332,-1.60787950897323e-05,-8.92811754403426e-09,5.98065784621963e-12,-9.98583094139723e-16,,,,,work folder BHI-082
Baker Hughes,DC2200,60,Baker Hughes ESP performance curve; digitized 2026-09-22,,338,,,,3500,,,2274.5,,0,3428.1,17.2508,58.254,0.27751,,,,,,17.2508124353145,-0.000334356799807402,-8.5025513771077e-06,7.80601803859675e-09,-2.77984005186772e-12,3.23693365544833e-16,,,,,0.173345437652505,0.000117364954394211,-1.43968610912767e-07,1.37947879112736e-10,-5.4978819087775e-14,7.06784587931885e-18,,,,,-0.528436814418079,0.0762606626277309,-4.64447717106761e-05,1.39905430954314e-08,-3.11358171684127e-13,-5.04132081856957e-16,,,,,work folder BHI-083
Baker Hughes,DC1250,60,Baker Hughes ESP performance curve; digitized 2026-09-22,,338,,,,3500,,,1235.4,,0,2199.9,22.512,56.179,0.25571,,,,,,22.5119654576174,0.000168790139917253,-7.8199903234535e-07,-4.90767180737886e-09,1.74256463974186e-12,-1.48769896545875e-16,,,,,0.170954913101263,0.000102815882284809,2.41014298903209e-07,-5.021150715301e-10,3.03501669045683e-13,-5.91913902794426e-17,,,,,-0.141779437964239,0.102786663765083,-0.000116637408983641,1.28425657630552e-07,-7.57933414010753e-11,1.45098073317102e-14,,,,,work folder BHI-084
Baker Hughes,DC950,60,Baker Hughes ESP performance curve; digitized 2026-09-22,,338,,,,3500,,,934.2,,0,1521.4,23.008,54.629,0.22679,,,,,,23.0079535027632,-0.00340507242278355,8.26226086147969e-06,-1.03605545606351e-08,-2.70552795472438e-12,2.1111824547862e-15,,,,,0.124502283525267,0.000134088565506641,1.04794117108076e-08,2.35453647930545e-12,-7.83593026309621e-14,3.60260609693857e-17,,,,,0.00713738541453779,0.135631530599675,-0.000157532654232561,1.54017401022385e-07,-9.50639375307066e-11,1.7192747374174e-14,,,,,work folder BHI-085
Baker Hughes,DC750,60,Baker Hughes ESP performance curve; digitized 2026-09-22,,338,,,,3500,,,750.8,,0,1160.2,21.73,59.466,0.16014,,,,,,21.7299635133924,-0.00169144196949158,-4.50619402200064e-06,3.90721934415827e-08,-7.77903261828454e-11,3.14898727401173e-14,,,,,0.0944605483412647,0.000107939629221735,1.46836841092304e-07,-2.94175017654402e-10,4.81012935901854e-14,4.64797486171277e-17,,,,,-0.32598500478958,0.17988852819737,-0.000317197810846869,4.79203329994596e-07,-3.47767480568721e-10,4.7074414238797e-14,,,,,work folder BHI-086
Baker Hughes,DC550,60,Baker Hughes ESP performance curve; digitized 2026-09-22,,338,,,,3500,,,550,,0,885.7,23.3198,53.825,0.13209,,,,,,23.3197624736016,0.000271139239448598,-1.68106538846831e-05,4.66568695604907e-08,-1.3307799645886e-10,7.1691009286533e-14,,,,,0.0621636242741737,0.000172727049786805,2.77228786280159e-07,-1.0404672150015e-09,7.1716364325566e-13,-2.88742229103977e-17,,,,,-0.176892266340253,0.282484724899746,-0.000870638163153566,1.84397807563662e-06,-1.91147783637353e-09,5.98534610197821e-13,,,,,work folder BHI-087
Baker Hughes,WME3700,60,Baker Hughes ESP performance curve; digitized 2026-09-22,,1038,,,,3500,,,129559.1,,0,219852.4,196.6493,79.052,224.73595,,,,,,196.64929537388,6.1076023905665e-06,-1.76875379082209e-08,4.18232845019037e-13,-3.07781164302261e-18,6.64279412530126e-24,,,,,93.0525110249985,0.00117892732784649,-1.31831083696167e-08,2.6199889052177e-13,-1.76785001452958e-18,3.52165975360143e-24,,,,,-1.2464381214178,0.00174764639685877,-2.52616991277992e-08,2.64710568686056e-13,-1.36088904097466e-18,2.34691653519177e-24,,,,,"eff curve degree-5 fit shows elevated residual (5.62% of span); degree 6 would meet the residual target. Flagged for user, not changed unilaterally. | QA review accepted: eff: max residual 5.62% of axis span; eff: degree 6 would meet the residual limit (1.82% of span) -- extraction looks clean, 5th-degree form is limiting | work folder BHI-000"
Baker Hughes,WJJ1000B,60,Baker Hughes ESP performance curve; digitized 2026-09-22,,1000,,,,3500,,,31515.2,,0,53115,191.2758,80.323,39.68907,,,,,,191.275822887145,-0.00152247992622475,2.71895575665134e-07,-1.82251919850171e-11,3.97709072251954e-16,-3.1033282127979e-21,,,,,23.0795756620306,-0.000473018222309101,1.34233713359771e-07,-5.68529255158262e-12,9.69960851572974e-17,-6.28269901083366e-22,,,,,-0.318618581341553,0.00674919749532152,-1.49612506555629e-07,-2.35098913213453e-12,1.47360778228124e-16,-1.7769173668125e-21,,,,,QA review accepted: eff: gap of 17% of flow range in extracted points | work folder BHI-010
Baker Hughes,WJJ1000C,60,Baker Hughes ESP performance curve; digitized 2026-09-22,,1000,,,,3500,,,28141.4,,0,51814.4,163.1948,80.465,31.48475,,,,,,163.194762205969,-0.00077035188552822,1.55589072488729e-07,-1.2351546045487e-11,2.72123436692302e-16,-2.10031338669452e-21,,,,,20.3058554310178,-0.000411613622331788,1.00846346235447e-07,-4.16988852552676e-12,6.97787614487998e-17,-4.49507760359585e-22,,,,,-0.755930744652062,0.00672268142527223,-1.3068393348597e-07,-2.91253820370387e-12,1.43001811809975e-16,-1.6571238778337e-21,,,,,QA review accepted: eff: gap of 13% of flow range in extracted points | work folder BHI-011
